"facility","num_missing","(Intercept)","year","cos1","sin1","cos2","sin2","cos3","sin3"
"Agape Clinic (Suakoko)",0,3.108460604962,-0.334426667167738,-0.253100156613997,0.473832505827772,-0.214210389954887,0.351340988886344,-0.123478103293726,0.34216107799448
"Bah-ta Clinic",0,3.21303173133433,-0.115420685296402,0.185533625666037,0.098129586133936,0.0240869809992359,-0.0203069247168303,-0.0364211743451453,0.0390142053189122
"Bambuta Clinic",0,2.8875036941394,-0.178567985397384,0.483713009992056,0.0928652537653144,0.104656088191367,-0.0915097040963891,0.0228748669273726,0.0711729028808561
"Barclayville Health Center",0,4.03321578088074,-0.0100965373832065,-0.054208904013061,0.0205563189723743,0.0890311919835795,0.0741578416846705,-0.157688991094055,0.0467848745051088
"Bargblor Clinic",0,3.23576516860024,-0.070414745854922,0.0319387792088974,0.0355159752552789,0.0988908973846687,0.109984403570565,-0.0609287350737215,-0.106189460617904
"Barraken Clinic",0,3.24063387178147,-0.00718477399633059,0.0745326884784135,-0.0480660972734098,0.101071848924746,-0.148336614460602,-0.193805094463404,-0.179642997974459
"Beh Town Clinic (Cavalla)",0,2.74476827471806,-0.156457624068486,-0.389293211282477,-0.0838623001631461,-0.183106963828994,0.278042209894433,0.0258258032487617,0.125307279752793
"Belefanai Health Center",0,4.83861083999141,-0.204812462913773,0.0504788485092874,0.0242777951145638,-0.023453194394548,0.0533585774601077,-0.0556778312678266,-0.00653630371254936
"Bellemu Clinic",0,3.13801549909663,-0.217421227641709,0.144153841458285,0.108338366816507,-0.212321207659734,0.0739061182286854,-0.0485750390635507,0.254359785553501
"Blamacee Clinic",0,5.20556874499502,-0.235814011792207,-0.131390210208515,-0.089950555118135,-0.225265708404625,-0.14730660483875,-0.117968203877496,0.221059031534491
"Bolahun Health Center",0,5.29781117207296,-0.159657069746613,-0.0989541829123009,-0.0730432897745772,-0.067368224478161,-0.0177023693621451,-0.0897601587927331,0.0793741742373064
"Bomboja Clinic",0,4.7812605716601,-0.577117232810141,-0.297634272622186,-0.0797236283748552,0.0872940771190861,0.217543324716407,-0.0567497850428833,0.143044112455475
"Bong Medical Hospital",0,4.03632368120826,0.268424783845874,0.114845690696406,-0.278272304797812,0.0941536726600808,-0.00410301803183863,0.0647128180010048,0.0277168547646793
"Boniken Clinic",0,4.21784566560218,-0.137730852804269,0.0116742131592983,0.00444741874922966,-0.0177447898767364,-0.0344663426935941,-0.0471765583961451,-0.0742255919656378
"Botota Clinic",0,4.94014976167222,-0.414466141745954,0.122649370536067,0.105142556270503,-0.0290015505559238,-0.0132379040871719,-0.178310294561805,0.0189860432566381
"Buah Health Center",0,5.2004122079489,-0.305875822164926,-0.0466741528855333,0.121304945421519,-0.037478627945703,0.0842105323424733,-0.137046469737293,-0.027697852031955
"Buutuo Clinic",0,5.58713274159065,-0.339603538542868,-0.121884263315452,0.0949418180354131,-0.117762360431903,0.0863766011892647,-0.0728277133299682,0.129308866292499
"Buutuo ULIC Clinic",0,3.13264952287691,-0.0629289542463321,0.11459920792455,0.00250034074512661,-0.251182047982197,0.0847030060567604,-0.390367457707914,0.285016944714589
"Cavalla Clinic",0,4.38393748184666,-0.328740147642619,0.176651192687826,0.109492076015318,-0.0760073044661999,0.104653436888209,-0.10966435544404,0.0222679901450327
"Chebioh's Town Clinic",0,2.66524014902579,-0.319609279321697,-0.122919909806674,0.15356225890284,-0.206763320250104,0.338575624765218,-0.164317550396621,0.116601620201674
"Diyankpo Clinic",0,3.89086977186927,-0.171356830131847,-0.244779731143198,0.0323794324558105,-0.107094760724571,0.0429436959017127,0.0313652110780884,0.139821017710956
"Dolo's Town Health Center",0,4.88954107140814,-0.0811402327586014,-0.111240858966264,0.0371785937942858,0.0918218119926986,0.009899701173685,-0.0924456598160727,-0.0184341117371936
"Ducorfree Clinic",0,3.78911372584261,-0.0144059071905532,0.0406508375904155,-0.266569613502593,-0.086700482876519,0.107099826694152,-0.13443893378733,0.06144530393986
"Duogee Clinic",0,4.2381186427388,-0.404783163402152,0.0373731911501057,-0.244892500750391,0.120773951932992,0.346067250431733,-0.138016923763865,-0.0432244630281323
"Dwehkun Clinic",0,3.23610581285077,-0.074969993459902,-0.138174102983851,0.116305070624238,-0.0296438928795067,0.121801121555527,0.0731428068853671,0.0853006833176216
"Elizabeth Nyanti Institute Clinic",0,2.9668587967654,-0.10431831000479,-0.0753175482589011,-0.281856739394384,-0.227043606443882,0.208807747394352,-0.100812098778566,0.104161240193319
"F J Grante Hospital",0,6.34908924178884,-0.798110635441568,-0.0146716803415675,0.115375844527012,-0.108779029579673,0.0691537349690734,-0.133032598743735,0.0871946361996645
"Fangoda Clinic",0,4.7808670340835,-0.156791952535314,-0.0221335456500131,-0.101227920365697,0.128629577485343,-0.122619665485629,-0.0187880688124509,0.032419230329986
"Fish Town Clinic",0,3.69680878919857,-0.145225681693845,0.0861664318845567,0.0770067321198322,0.0370400383644162,0.0970835752518478,-0.0927091743294063,-0.0859487904324259
"Flumpa Clinic",0,4.92753337836194,-0.439146286085962,-0.049763149704755,0.276828066779941,-0.154166126791763,0.23181214037466,-0.0836858803882348,0.103099262068353
"Foequelleh Clinic",0,2.45806509462124,0.142377352845914,0.0288068020515968,-0.037873453425715,-0.0693449646139529,0.0325329498539274,0.0242743390325838,-0.0448131040937928
"Free Town Clinic",0,4.15496185496476,-0.386064417816996,0.108307807361718,-0.0621230366627566,-0.0878753852075942,0.19414394306593,-0.0380973271075722,0.0453853536115229
"Garmue Clinic",0,4.22252473454454,-0.290159954691809,0.300595578385991,0.0226083892735088,-0.0723434488325686,0.048486871296622,-0.0563631580593657,0.136951010950091
"Garplay Clinic",0,4.94901601802874,-0.338315189074963,-0.0675369783015593,0.0881405564487903,0.0306327089079296,0.0138131304528829,0.0445488795688517,0.081206720197951
"Garraway Clinic",0,4.16780952070815,-0.208418209910949,-0.102903275700721,0.0314814707031263,0.0833099408638994,0.0310164492067354,-0.0227356389564684,-0.0468768541376669
"Gbanken Clinic",0,3.50840403555162,0.0448122650142497,0.0789626863919639,-0.0779731282598826,0.167541933034922,0.104592382592758,-0.04118131775514,0.0118148791681755
"Gbansuslomah Clinic",0,4.911709644634,-0.644036154245385,0.165189956362038,0.156405737364788,-0.0579485049191103,0.169311709643089,0.0636907884262117,-0.0803063972884427
"Gbarma Clinic",0,4.70218058355257,-0.0897347872348524,0.15158370798159,-0.0889250377703447,0.108548487207004,0.0625131928934297,-0.0108962040206296,0.024891134661666
"Gbarnla Clinic",0,4.20069826027359,-0.229100080481648,0.151964176429968,0.0527979569533998,-0.153610217082127,0.0865360726945868,-0.184159829994488,0.024286390187009
"Gbartala Clinic",0,4.39833637980879,-0.0306158867976936,0.144457757478824,-0.0791224372833008,-0.0310532991192576,0.000582742547437417,-0.0569845855946902,-0.0466526250303634
"Gbarwiliken Clinic",0,3.25305516727831,0.0783831234399869,0.150326134816022,-0.113908971277127,0.0440033400924386,0.137250826725744,-0.00767516527443219,-0.0147229355968205
"Gbaryamah Clinic",0,4.80085431362376,-0.393213247353261,-0.107720997214039,-0.142133401200161,0.0506058403265115,0.213014746207587,0.079712677567019,0.0768098278358386
"Gbarzon Health Center",0,4.00774513791385,-0.112253667931935,-0.038148896057651,0.0874580246511809,0.0754395981375173,0.224829293726869,-0.0478875152717583,0.0242225027386156
"Gbarzon Jarwodee Clinic",0,3.79795773482389,-0.254483592129069,0.165926146954081,-0.0546132029531822,0.257467299416413,0.0564503783361629,-0.163645129707359,0.114043857474714
"Gbeapo Health Center",0,4.81597232231385,-0.130060400128217,0.18689206294106,-0.143426750460195,0.0516187375063665,0.020132100694961,-0.106519665085185,0.00658211012176236
"Gbecohn Clinic",0,3.11069397061376,-0.48580195073993,-0.0285356027269523,0.0141478420624742,0.259592108497864,-0.100521238830032,-0.268534498130138,0.0264073432025974
"Gblalay Clinic",0,5.59858439492224,-0.352953510520773,0.0883707953868026,0.013201092014084,-0.0995421292248187,0.0836337616632138,-0.0876262645757713,0.128480286941748
"Gblebo Clinic",0,4.7983637006748,-0.318469002043126,0.0253100132411331,-0.104953380715152,0.048565848100219,0.0952474024360228,-0.0426314232192583,0.0924984944028662
"Gbonota Clinic",0,3.25908241721369,-0.0994406325303602,0.136396288804737,0.0214754119786232,-0.0857268598153425,0.0735682810686443,-0.014045647268735,0.00471519813204781
"Gmomaken Clinic",0,2.94970393446242,0.192647324952033,0.0119229084107248,-0.0807291466752386,-0.112512279449169,-0.0161853781201424,-0.0588018749743888,-0.13221364889086
"Gokallah Clinic",0,4.98848325520723,-0.349511643428389,-0.0346766093518706,-0.011963190418868,0.060232439456765,0.13401802827314,-0.0131500462420966,0.00467789919295586
"Government Camp Clinic",0,3.18296552251168,0.110976246910926,0.0656527731877385,0.116113818459532,-0.130862377515435,-0.061894141980576,-0.0749270157848578,-0.189687059247935
"Haindi Clinic",0,4.15527580557594,-0.202726691374918,0.324130822705111,-0.220613465400636,-0.0138021612956085,0.119562667904014,0.0152010869458284,0.000935042177557654
"Henry Town Clinic",0,5.75111838624756,-0.786648485381563,-0.200007631568469,0.222787876327766,-0.0447149055989309,-0.0326945869388484,0.052836959483345,0.197437364905946
"Janzon Clinic",0,3.58701622349348,-0.152782247473821,-0.0517172883274469,0.112005036425628,-0.0406705151094561,0.153789107384861,0.0638442501922398,0.00524657093612705
"Jayproken Clinic",0,4.47443843458846,-0.167380093645004,0.0551183880335152,-0.169708815965776,0.0829154356486677,0.0313820646026324,-0.105459209539917,0.068302540385226
"Jimmyville Clinic",0,5.01141549861564,-0.237321552257025,-0.0117003209990103,-0.0321977611415564,0.046084702039342,0.0555292804611376,-0.0167256408129585,0.0229810420578375
"JJ Dossen Hospital",0,5.71484619369133,-0.0477947703872899,0.108219453352216,0.0469233117598467,0.0500457954304951,-0.0211491700084208,-0.0993812562565351,-0.0348644822593344
"Jokoken Clinic",0,2.95463825587039,-0.123920910657857,0.0849907269830974,-0.012461428382824,-0.189404175545095,-0.0486148426167404,-0.0188078274869504,-0.00248741744486096
"Jorwah Clinic",0,5.79281463328158,-0.657041399064687,-0.0683378067019908,-0.0476441793584352,-0.238027312829294,0.014465627290113,-0.0585988541078532,0.0723501805173127
"Juahzon Clinic",0,3.72286958101329,-0.122687102944611,-0.0868615902881823,0.0526420948972201,-0.235844899165351,0.082711423965067,-0.0792068716438514,-0.060064014854492
"Juayen Clinic",0,2.35862051497196,-0.0177551156593397,-0.242234835314488,-0.301833751581772,-0.0291515782972201,0.0753765839430029,-0.0990597636884949,-0.112446154274678
"Juduken Clinic (Barclayville District)",0,2.00356517855407,0.299003015211628,0.200522011763364,-0.211677641619288,0.126821408499061,0.105128027607999,-0.196153944589708,-0.125790471083711
"Jundu Clinic",0,4.21024132626822,-0.0537486938283203,-0.0492630819518219,-0.0817582332758979,0.186335346262606,0.109922818418065,0.0131810864624229,-0.158640772727799
"Kabada Clinic",0,4.14441051663924,-0.55943168323144,-0.188956019573012,0.221491675507326,-0.191849488667638,0.265219130260827,-0.110737915622169,0.0891497332344498
"Kaintahun Clinic",0,4.81697702051118,-0.255584030872711,0.0479958190157684,-0.100710506026491,-0.048769050652912,0.0920629402501659,-0.0599626493152829,0.114178792622561
"Karnwee Clinic",0,4.72343628048374,-0.244911845295047,0.167021112964254,0.168853752104667,-0.0975136388638125,-0.000783813071458013,-0.0670067749398371,0.00802572572663763
"Kelebei Clinic",0,4.10327754624716,-0.505094228077251,0.089355008568807,0.0594843999340971,0.00128980657603769,-0.00474379862673085,-0.0136418930988141,0.140830320563949
"Kilo Town Clinic",0,3.48572114607624,-0.117848974565735,-0.0779101296488615,-0.284441695219823,-0.0698939153891779,0.0813158006582094,-0.118343046991204,0.121254251850944
"Konobo Health Center",0,4.72037502388371,-0.144140866958084,0.0278024760119471,-0.097523753571646,0.0396065464800224,0.186290114940684,-0.0595488906337096,-0.111233848161578
"Kpaai Clinic",0,4.18483534819023,-0.517019774916346,0.216751539013534,0.0203908696803006,-0.0659388787799451,0.13490913330951,-0.0141794430873339,0.0839663447194022
"Kpayeakwelleh Clinic",0,3.89061341597145,-0.170363776391198,-0.139929618566586,0.0843368259196786,-0.0622883383552259,-0.202524196609369,0.0458483751480919,0.0764503068175257
"Kpaytuo Clinic",0,3.88583261366525,-0.358036245138057,-0.0159764577121073,0.142180035308026,-0.226892355625036,-0.0371074062772569,0.0609972615852441,-0.0857564440140083
"Kulangor Community Clinic",0,4.06913647808871,-0.336597887287284,-0.123375628285059,0.00159330518853499,-0.0538718037323904,0.139565566780289,0.0591619901748531,0.102502740062623
"Kungbor Clinic",0,4.99087860403777,-0.37535818645655,0.0453248442739903,0.0752632765517819,-0.0651134219100417,0.0488088563091783,0.0609642267149344,-0.0353260986030145
"Kwendin Clinic",0,5.23134668783607,-0.274453631885298,-0.143580307023854,0.212677023343724,-0.218692538705817,0.0552203402531632,-0.0835230170857461,0.0497795287489602
"Leingbamba Clinic",0,5.99945431753109,-0.548804244881996,-0.0241693772691632,0.0268514208109895,0.0496812451895796,-0.144060737587597,-0.0655491521201946,-0.0166020032467125
"Lepula Clinic",0,3.51865937873056,-0.331981086566672,0.227451638134195,0.067080887525603,-0.356678319267096,-0.0686052029147213,-0.0249444721252532,0.0993991948748399
"Lofa Bridge Clinic",0,5.01417031576126,-0.22672737398953,-0.038856430827796,-0.0308520765908482,-0.119576882081998,0.0259938106329811,-0.0665335053374296,0.000364838260820174
"Luyeama Clinic",0,4.72555092870914,-0.367234541536929,-0.245007707569328,-0.159544700285819,-0.00331728692025884,0.0732436670501983,0.00475586412484062,-0.0615247407312811
"Manolu Clinic",0,3.52442540602992,-0.126033705820706,-0.0648244157245459,-0.139338142934433,-0.0652171173893672,0.0607127489016852,-0.0991399055321768,0.0865628667351626
"Mbalotahun clinic",0,5.04500214891512,-0.465092202306504,-0.148043972225869,0.0545064667452226,-0.0880903070131972,-0.0359813408306379,0.0195964387416784,0.134496202797506
"Mendikorma Clinic",0,5.55971411117901,-0.330622953675057,0.0190812452362726,0.0403606690434469,-0.0869135904317345,-0.0670875516069233,-0.149594476389648,0.0583980282034532
"Menweh Walker Clinic",0,3.91390273502389,-0.0834772330379241,-0.0999717817598718,-0.0491416780383787,-0.0755284511199386,0.141849517873809,-0.094498357475004,-0.116948995860578
"Nifa Clinic",0,3.11230348600019,-0.130228902066498,0.0660431088046186,-0.0605336159669845,0.140123445885767,0.226975661988103,0.124295820664583,0.132878943060487
"Niful Clinic",0,3.47904105434557,-0.105243025646911,0.0127826808370989,0.0943110430086017,0.192415560713187,0.249545541749972,-0.0238353711973045,0.05402957808684
"Nyaaken Clinic",0,3.95884355191955,-0.109258398619869,0.185463506766786,-0.0999046266634538,0.135079302037214,0.0398584428230683,0.00108487407805741,-0.0737037537785656
"Nyankupo Clinic",0,3.4209484144202,-0.122703445151313,-0.0487336005940558,0.0875711936949544,-0.0359658353663853,0.100268910593879,-0.125197513780057,-0.0856963733004856
"Nyarta Clinic",0,4.34828474893969,-0.449678091285168,-0.0528832197901351,0.205512682117889,-0.134244184956987,0.0378009295300176,-0.163961840452137,-0.0228597942800076
"Palala Clinic",0,3.89263092526725,-0.0743103021728274,0.487294119062765,-0.0855722475465338,-0.251423343181075,-0.215006436486066,-0.13055797799356,0.116935464158925
"Palmbay Plantation Clinic",0,5.24615065544156,-0.481682281325082,-0.0569651249205498,0.0956449217496528,-0.0699240285982478,0.0419317346585539,0.00620464071925573,-0.0145791883083303
"Payee Community Clinic",0,3.2181799248749,0.261916701646123,0.183108754726641,0.185551638401265,0.0604300312875093,-0.169357667125613,0.0153033016147438,0.166980606001151
"Picnicess Clinic",0,3.34882814877822,0.0254811392379897,-0.114151192888791,0.108899396791622,0.195074347017414,0.176198290033694,-0.15190826744241,0.0864548207198353
"Polar Town Clinic",0,4.03699623946584,-0.160642662323339,0.065274148663786,-0.0245146852777815,0.0600622134178851,0.0356619024001569,-0.0407063736419005,0.0410689163132733
"Rally Time Hospital",0,3.35899600335488,-0.0552730292324202,-0.131680768507427,-0.112450369389585,-0.0324849937928909,-0.0886130265819844,-0.0935586705824961,-0.0990212744321272
"Rock Crusher Clinic",0,4.96167522271679,-0.912038944497725,0.413827912853667,0.203341066465416,0.23902063075917,0.366080188345745,-0.0298722316125629,-0.18330803131914
"Rock Town Clinic",0,3.61079803884599,-0.0923942621004157,0.250402115739678,0.0671018252457614,0.0303549520002977,0.123029079136442,-0.0955445524886436,0.0170762188547908
"Rock Town Kunokudi Clinic",0,4.37652210615993,-0.339335151783287,0.051803717740562,0.230358540473513,0.000663038583848413,0.266272175949355,-0.054833243287251,0.113041777426235
"Salala Clinic",0,4.99557185587498,-0.368408417488994,-0.141655868308819,0.29628593755038,0.0382821115485523,0.126513293544646,-0.0583620098847458,0.0543247549121741
"Samay Clinic",0,4.2231340549457,-0.410463341292434,0.38974201501976,-0.0612186239048724,-0.0473548354399168,-0.0223292479182405,-0.0188136667778597,0.151924787817247
"Sanoyea Clinic",0,4.92202407780415,-0.29262204533877,0.136391980278821,0.0898164723005463,0.00363977305534232,0.118258220973063,0.00340247871039546,-0.0606083485800385
"Sass Town Health Center",0,4.98322580815373,-0.19097987702413,-0.0185510557370895,0.208237868145815,0.136009570430062,0.149461863493542,-0.0836707622537187,0.0396560808319712
"Saywon Town Clinic",0,3.53595176642629,-0.193308767518159,-0.0315359472462948,-0.184220617998485,-0.113509677306352,0.0658013771172821,-0.0847827124053437,-0.00178499951565145
"Schefflin Town Clinic",0,4.75564494619471,-0.120790666464512,-0.0202706563456756,-0.0627801247483463,-0.0286188096869779,-0.0783606060779168,-0.0936746754116314,-0.035827680575493
"Sembehum Clinic",0,3.13818044062537,-0.0667178742905386,-0.0808685313072816,-0.259972415348243,-0.0428528169602929,0.164472291221937,-0.00758919668961164,0.0856739227966651
"Shankpallai Clinic",0,4.17193828872764,-0.290736409117125,0.162202005065371,0.125461458289399,0.070731071820487,0.0939055179519267,-0.113778972028687,-0.000390002626620921
"Sinje Health Center",0,4.92508858792139,-0.355203795644772,-0.0554231750904665,-0.0575730761403059,-0.036588074514126,0.0134460434192801,-0.0341133786755566,0.0336152540339593
"Sinoe Rubber Company Clinic",0,3.48397473431922,0.0608930907099292,-0.214103105121011,-0.15097941226309,-0.0287376072250909,0.195306773793565,0.0428840440007663,0.166812990407689
"St Francis Clinic",0,3.84454628877007,-0.293780786554951,0.0412809865093774,-0.024683189363439,-0.120115649789471,-0.0147538587138245,-0.110449195242577,-0.246324394430416
"Tienni Clinic",0,4.08287943343497,-0.116395745217205,0.133764948096695,0.00111352911466166,-0.126430781558461,0.0139984175418643,-0.0255642213806175,-0.00142355896071448
"Toe Town Clinic",0,3.54960663040461,-0.489926172318294,0.043449404564725,0.12229698599431,-0.124788118499683,0.020071113078666,-0.0889155124358918,-0.0399660681188083
"Togbaville Clinic",0,3.85681957462558,-0.270054072643157,0.158911231986936,-0.0527719935167967,-0.0323431539953336,0.268105281164967,-0.171047056303878,0.0334068309177794
"Tokpaipolu Clinic",0,4.9832146469644,-0.686518839426047,-0.0322885917653713,0.0888380808735256,0.0604010607657287,0.336972613642588,0.0839555486115364,0.0852375231570035
"Totoquelle Clinic",0,4.44311042067621,-0.16912173606744,-0.0858202029023269,-0.162696643122852,0.179291811530466,0.0122199712728834,0.0204165533946767,-0.0527216443819984
"Totota Clinic",0,4.22565060710201,-0.123888789277007,-0.163944868064013,0.0462355414215631,0.0232217840381258,0.0908194812728481,0.0709500294320159,0.174407250013936
"Tuobo Clinic",0,3.83387898824831,0.136788534411265,0.17368385058042,-0.275985978564862,0.0653119105330365,-0.0309415926019902,-0.0799130064870248,-0.0386115583266268
"Voogbadee Clinic",0,2.74389865810146,-0.144243061367738,-0.354102901721941,0.108633977910414,-0.194699461973324,0.26734247918132,-0.165823359680186,0.1369736741601
"Wehpilay Clinic",0,5.63805940834566,-0.680644163207345,-0.0432443963024304,0.122679362207287,0.032829631989301,0.126866572972332,-0.0894976826444262,0.139678941492826
"Wiah Town Clinic",0,3.70764838264905,-0.101665512213764,0.021622603852323,0.00958249247731315,-0.00934899024369207,0.146396767656038,-0.117879955577975,-0.00847674633683685
"Wilsonville Clinic",0,3.37892489011254,-0.0503550725219334,0.156026692973146,0.103709154354706,0.0520809102678047,0.173865694585661,-0.0721084844159261,-0.00944166951249737
"Yediaken Clinic",0,4.17436811810435,-0.34795346210883,0.0803875046371809,-0.0158226073141151,0.0543982756213459,0.0105696620038679,-0.247628818180039,-0.113684098496293
"Yila Clinic",0,4.00028940982374,-0.500741450524908,-0.101072551815673,0.0690119845904784,0.0649931159183996,0.0219559895849631,-0.0218267982766292,-0.0441933394270933
"Yolota Clinic",0,3.92881416087121,-0.322911511299705,0.11429162734545,0.0895466138233521,0.139146068764878,0.288980614727361,-0.0992245771046467,-0.0646993821934034
"Youhnlay Clinic",0,4.98832098012558,-0.0919078949862535,0.119053604019334,-0.00534138702236444,-0.0179374134218079,-0.045127535924394,-0.0254842833536603,0.122475655252846
"Youkudi Clinic",0,3.51108989915525,-0.169556406863219,0.0801964879571417,-0.0160739894779601,-0.0418627836155424,0.150365069048245,0.05933230165279,-0.125548269214833
"Zahn Bahnla Clinic",0,5.07298539114896,-0.589642663139383,-0.302557114436773,0.0925027975697917,-0.0805005278324891,0.0370541729577973,-0.106326205958319,0.153834580650853
"Zai Town Clinic",0,3.44054037545306,-0.101963587865462,-0.0885797030499121,0.0296797262152759,0.195526132197733,0.0629085561333229,0.0160627628532269,0.000406195444663765
"Zeanzue Clinic",0,4.36364872740742,-0.00604800444140639,0.152750921275487,-0.140990577300525,-0.0633282190985194,0.00137455615940181,-0.00990373050633707,0.00166016735415809
"Zebay Clinic",0,3.93823723084531,-0.310576290011303,0.206090783185604,0.0712964529158377,0.163628660636777,0.179583331983761,-0.11106350776054,0.285118307007441
"Zowienta Clinic",0,3.45258940677382,-0.287972881739035,0.171370044694864,0.103405212926892,-0.0783029147711736,0.126001142864309,-0.139739880636952,0.286283592586684
"Africa Fundamental Baptist Mission Clinic",1,3.84807987419757,-0.441531791569218,0.0569945959962697,0.428335702628101,0.0111679641361089,0.108782024412567,-0.00342122554421671,0.0243382297796679
"Bahn Health Center",1,4.48955148080344,-0.0177684839942304,-0.0924955223765261,-0.0595357529760064,0.0688242633191024,-0.0795221311051421,-0.0487866387029489,0.0726737146243168
"Bangorma Community Clinic",1,5.3661957795102,-0.772551872915583,-0.337785279305692,-0.0275169666938201,-0.079431707912777,0.283297748139377,0.158229266621697,0.0328069630979425
"Bendu Community Clinic",1,2.64181365143986,0.0426321867351805,-0.0838309920048377,-0.166289706154862,-0.113215314153905,0.201969785977439,0.10717856114327,0.0729265841153939
"Boundary Clinic",1,3.68448656542109,-0.180619047184492,-0.20395195685811,-8.35334567013201e-05,0.125599834291408,0.205256106455047,0.113267351066857,-0.0329557047161833
"Boway Clinic",1,4.53142350806551,-0.326167082919321,0.142237826095341,0.144959731906902,-0.0208882131295288,0.0488724102815649,-0.0704400909133532,0.033135642263767
"Butaw Clinic",1,4.07241437360902,-0.262642779462671,-0.238792146460227,-0.156321253367637,0.0375784681539069,0.00684034980978183,-0.147526037147725,0.0565649086831082
"Charles B Dunbar Hospital",1,5.30025551906669,-0.344878892505136,0.030386463471113,0.195195762799544,0.126914152280699,0.064063119135922,0.000327209088505638,-0.0426766574712262
"Cheboken Clinic",1,4.09174274564094,-0.161693737910485,0.237860672163475,0.00961248968744779,-0.0485442147923634,0.0331520434998814,-0.0873714732079499,0.0180777634888648
"Degei Clinic",1,5.80177135853547,-1.2148620446516,-0.160667929298441,0.354956714802737,-0.148857016759542,0.396773409980245,-0.232851904483436,0.216775735961965
"Diah Community Clinic",1,5.12737570525971,-0.229953669318225,-0.0319626146464745,-0.111292930009694,0.107594210223419,0.234041482052116,-0.0307684305671171,0.0154761003387716
"Dr. Agnes Varis Health Center",1,3.03129313768826,0.412354333527245,0.00281761481950528,-0.392123727694635,0.0940675290520832,-0.226634298360394,0.064896957594287,0.0375293905225764
"Drapoh Clinic",1,3.46883359599328,-0.238823495434261,-0.164153392371252,-0.0867768443258218,-0.255492348721424,-0.183159309139178,0.00451185502293446,-0.0446651255390552
"Duayee Clinic",1,3.9273175968509,0.0667521488300053,-0.113602787239932,-0.158181404087963,-0.0931251301699332,-0.0322476724204315,0.0161973200394234,0.156516596179344
"Duoplay Clinic",1,4.60326860793579,-0.163288400864043,0.040715275928561,-0.127725931543349,-0.151250958217052,0.103057577261335,-0.103474153601888,0.0574391553553747
"Edith H. Wallace Health Center",1,3.51044919395099,0.0564738735355633,0.170427398926343,-0.0708189323657464,0.0667694325056781,-0.0201827227225057,0.0596465749576222,-0.0726996160464762
"Edward Memorial Clinic",1,4.16450029893252,-0.557557646775723,-0.403785770760328,0.0607204883533564,-0.135931540934091,0.407277581463568,0.177160868498637,-0.0441487318528127
"Fahnja Community Clinic",1,4.24308553669968,-0.354611609510337,0.31027005899153,0.147000467535866,-0.115127036594242,0.30706306317267,-0.171424766422781,0.015972969214857
"Fasama Clinic (Bade)",1,4.04007929551698,-0.148590363522636,0.161901869938694,-0.102974090508777,-0.287385957064624,0.123164752220151,0.0718835214092708,0.161191774930443
"Feloken Clinic",1,3.58475833081683,-0.135762893843528,0.00817433310426069,-0.309364692411874,-0.0858270227085602,0.104992017245056,-0.0385197296756321,0.00500733402307727
"Fenutoli Clinic",1,3.34124574945008,-0.0979322992141086,0.0193729822527607,-0.147196620880065,0.0574567203671119,-0.264733126115243,-0.0144546186377712,0.0678384796078542
"Foya  Health Center",1,5.94690282154922,-0.494120224933989,-0.208144174621762,0.172516559529136,-0.0404357893365987,0.0396128977396903,-0.0677359085821323,0.136058429541868
"Foya Tengia Clinic",1,4.92435028029133,-0.471603798322708,0.0452215106097757,0.113998111503765,-0.0982467604158622,-0.083317587538097,-0.0743927651816146,-0.0165047613099733
"Gbalakpo Clinic",1,2.82317409197708,0.0200212862347222,0.124875686659292,0.128657220153598,-0.0554701147738232,-0.190623482810711,-0.119395349605646,-0.236860304000347
"Gbalatuah Clinic",1,3.83033982293744,-0.0697053583170281,0.190529888746775,0.0175680728962451,0.0651657847150194,-0.0902847792638605,-0.135079264312648,-0.01255080384503
"Gbeivonwea Clinic",1,4.46987259103697,-0.118221767907199,0.0104248868800058,0.0928016421706163,0.106080600927027,0.0987018037842036,0.0248402938941764,0.116405264231281
"Gbloken Clinic",1,3.27061170530185,0.0212482322646345,-0.266452865922064,-0.0463964349122049,-0.0357419927452392,0.0818191907398413,-0.0870463772468514,-0.0705034121521671
"Genoyah Clinic",1,4.31500190279472,-0.283099446906681,0.0250395739519739,-0.214367199772078,0.13760062401234,0.204503757551756,-0.0257765527093453,-0.0261344597943282
"Glofarken Clinic",1,3.94610144789277,-0.0880681888276386,0.301444770576873,0.0700830298011166,0.0162198534940584,-0.031257867156516,-0.0334797958857194,0.0599486731674013
"Gondalahun Clinic",1,3.65076529943609,-0.224418377266148,0.205051640193116,-0.164612073765706,-0.121969855840795,0.128789538941183,-0.0582793244555639,-0.0272035499355843
"Gondama Clinic",1,4.61186997863921,-0.394550462145475,0.0643719043820203,-0.208553382623214,0.130671966511166,0.202018332498287,-0.0531617013378284,0.0306731499526481
"Gonelor Community Clinic",1,4.19571793917118,-0.171016747790712,-0.0826206849835986,0.0306717042773904,-0.0985899894120019,0.22411023501657,-0.112953523363859,-0.0635908553167882
"Graie Clinic",1,4.06088492089185,-0.260750476743927,-0.101167104965038,0.145079663340204,-0.0642149725052947,0.0512101433830923,-0.0588341314690027,0.179615465822813
"Grigsby Farm Clinic",1,3.3397655659329,-0.398743518250203,-0.378488478935758,0.093378079032253,-0.251796050542388,0.110803680260389,0.0418300899754239,-0.0615431049240922
"GVL Clinic",1,3.4884307989187,-0.272574871052465,0.266156109947338,-0.0425304903089554,-0.0484632093587679,0.305155738039847,-0.139770343675983,0.035333148981071
"Harbel Health Center",1,5.97693589690123,-0.429156316339313,0.219498777907561,0.0330640444488153,0.136916555822573,-0.0649259603672326,-0.214553665058261,-0.0840121091342752
"Janyea Clinic",1,4.70440673407599,-0.278169688251854,0.149342766999999,0.190182909010548,-0.0480988493270021,-0.0883387036902279,-0.143104336651451,-0.0627366833412288
"Jarkaken Clinic",1,4.09729869361773,-0.0721729476456118,0.113995569401423,-0.161528825729668,0.138159591723197,0.0735480953909834,-0.0915715045708496,0.00594874009431831
"Jene-Wonde Clinic",1,3.55425851093688,-0.295630824487252,0.278242873710619,-0.350905350255223,-0.126940463357036,0.178038749462688,-0.121235210614532,-0.0641051043330649
"John Mayango",1,2.67259749005019,-0.65414026323008,-0.110398290572851,0.325398978830768,0.119145627415103,-0.340244338780283,0.0138179970025721,0.310187931671669
"Juduken Clinic (Barrobo Whojah District)",1,4.57262014188362,-0.188540228916918,0.18407328755179,-0.0404848222090701,0.0810234429233236,-0.014542158741754,0.0834823266544992,-0.0774000784602038
"Juwelpo Clinic",1,3.96571816364338,-0.191480919898991,0.0461090297563601,-0.124269199784105,-0.0382619885030966,0.107612339517409,-0.00279432278264026,-0.163281136682814
"Karlorwleh Town Clinic",1,2.64927892758923,-0.166288050491816,-0.145287642417616,0.344310713723985,-0.0510304194043281,0.0664587177770263,-0.0951394264494235,0.142589112581774
"Karquekpo Clinic",1,4.11761793063026,-0.26737467758363,-0.109409739071459,0.160354691579994,0.0471583057517032,0.200150619451056,0.0264342267204193,-0.0126232238554485
"Kawelahum Clinic",1,5.0023744467908,-0.701842518309272,-0.163284292849846,0.111937782052305,0.010777572218718,0.0219018449048787,-0.00300747087852889,-0.0717820453015791
"Killepo Clinic",1,3.90465532824472,-0.132272424227598,-0.126677819900503,-0.0922338683390184,-0.100263689491464,0.23772081589191,-0.0943250644120938,0.00814327909892175
"Kondesu Clinic",1,3.65095859280596,-0.420093612265846,0.0680183375650772,0.2686967317645,-0.154980474938859,0.289049634292125,-0.0113389824580529,0.269862281775916
"Korworhun Clinic",1,5.67552992612535,-0.649366357520986,-0.235994950248235,-0.00922690580855485,-0.084690329862788,0.0692626888368551,-0.0748068414524794,0.0353756002393898
"Kpeneji Clinic",1,5.34582551364407,-0.340541786485715,-0.105816455861797,-0.126057581752334,-0.0697891551803817,0.0739076347358918,-0.0925881591169967,-0.0102159640818421
"Kwitatuzon Clinic",1,3.34854071096447,-0.203703445865722,-0.13235391897871,0.230019764773692,-0.039821996577735,0.271358241913912,-0.149937165778229,-0.150250683186296
"Lexington Clinic",1,4.0147663785642,-0.37166229954824,0.0335376564232048,-0.07668141391895,-0.057825474181317,0.0171417629397899,-0.0893630327369133,-0.0709116312714501
"Liberia Agriculture Company Hospital",1,6.82785719507561,-0.623741272565724,-0.0255989869768229,0.0815492113161664,-0.166190786606313,0.191136902829384,0.0221245237796911,0.0900383702077457
"Loguatuo Clinic",1,4.07997752557655,-0.207188538503099,0.347162650118293,-0.103861993711297,-0.0942983199999359,0.0809874580050731,-0.0863593183275879,-0.0119358302911623
"Mid Baptist Clinic",1,4.4835326609312,-0.227728787568536,0.0989462280982993,0.13215801656292,0.168144215977602,-0.00147955354085338,-0.106839461000173,0.156766076152347
"Mother's Love Clinic",1,3.74343559072871,-0.172222986024197,0.0461239823149699,0.0532738766554748,0.0280528076506878,-0.006217265074681,-0.0342307123856918,0.0375727174153897
"Naama Clinic",1,4.64146333127904,-0.325609504966461,0.296202501739095,0.238682269124288,0.0383780977572164,-0.0215037043978251,-0.0262733470397221,0.0741384600804542
"New Community Clinic",1,5.26337023710864,-0.333514446082632,0.046378613638546,0.0696840466016659,0.0110784424454461,-0.164351194693368,-0.220044231898508,-0.0486735162281786
"Newaken  Clinic",1,4.50834211504963,-0.339738770845223,-0.0478922987679709,0.292652553874432,0.0450738948917513,0.329431382296661,0.0277603230319937,0.0437758147978548
"Nyehn Health Center",1,5.07636563800373,-0.233758200973161,-0.0736741480718638,0.0239006146456971,-0.00580488933955522,0.00233459392470238,0.0195923876075522,0.0601596600032818
"Nyennawlicken Clinic",1,4.68134215787226,-0.826610820430289,-0.0935721800428635,0.139569950918293,-0.249652957630533,0.189264224887446,-0.14565185565694,-0.104824676411376
"Panama Clinic",1,3.37695537012395,-0.218142715809337,-0.0967088159036223,0.141586410755395,0.0863121732956173,0.151805350378771,0.142048194186241,-0.0687688945311472
"Pelloken Clinic",1,3.04617618524593,-0.212928577364244,0.0798144550801307,-0.18645499007337,-0.182511998849559,0.13105284581526,0.143246592799288,0.0395027803469249
"Phebe Hospital",1,5.38878631774761,-0.1038670155559,0.142367410422753,0.0244854864010839,-0.131691155118475,-0.0630562430178371,-0.054607691733096,0.019132827784803
"Pleemu Clinic",1,4.68519636331926,-0.381672064755909,-0.124089677852962,-0.131640235677579,0.0577461560483999,-0.196466306602146,-0.139418496389373,-0.134190778547311
"Porluma Clinic",1,5.07492243647366,-0.256388656406984,-0.0339021169913351,0.0416212636166924,-0.141854754094122,0.0304871062267252,-0.0674655884409461,0.0217468680112567
"Pougbaken Clinic",1,3.79898833183919,-0.0662595425341738,-0.116148712182923,-0.237556024701906,0.0526857522068589,0.0231409051214892,-0.0225161671275665,0.0296842711573941
"Putu Pennokon Clinic",1,4.19885082437116,-0.36334435959421,-0.189988617589902,0.178903778173045,0.072756217733694,0.125476268382547,-0.0817396167184656,0.0667739202558194
"RC Marshall Clinic",1,3.93457184114806,-0.189696067908347,0.0260227818481001,-0.07404808590182,-0.0424002939197527,-0.0526614168709005,-0.0479468615697642,-0.0516993159325555
"Roselyn Toe Massaquoi Clinic",1,4.39541620926028,-0.252743524956382,-0.0654093996420676,-0.157692173140946,0.0832886964973363,0.115535978764886,-0.15497406237671,0.00144543801205826
"Sackie Town Clinic",1,4.77934412989227,-0.265301924362178,-0.045859283216625,0.00838399465103204,-0.0261148858040858,0.0439223844684971,0.138061771673268,0.152883817018203
"Sacleapea Comprehensive Health Center",1,5.67132880747883,-0.548812769165731,0.0903417408452755,0.141334920908371,0.08850797805781,0.0925929000023758,-0.195800091195363,0.259530739595908
"Sarbo Health Center",1,4.14786853326468,0.0701319142133679,0.165870388319865,-0.291402522327754,-0.0155099327633635,-0.0236849407430347,-0.0705449894303522,0.0231290029413966
"Sime Darby Clinic",1,6.13839002294594,-0.412409023288712,-0.1292554845975,0.217049386995224,0.0451513361342727,0.107983609358457,0.0247869577966665,0.160128752228352
"Sodoken Clinic",1,3.13014379788792,0.000641093030316573,-0.0304044784585338,-0.0124242656261983,-0.090348631054872,-0.0952488740224184,-0.0663600195556805,-0.153320554051967
"St John Clinic",1,4.3331439278614,-0.0624235402234929,-0.0571832081828483,-0.0885462746998347,0.0106598102779773,0.0455702834507156,-0.0769331482437563,-0.00139591666665854
"St Joseph Catholic Clinic",1,1.94185635030169,0.00102004338600046,-0.061986639339845,0.263541657911458,0.22498827349983,-0.19831033066333,-0.102487388033553,-0.114364493090538
"St Timothy's Hospital",1,6.50409412018112,-1.31369888018967,-0.0421220049528499,0.0472354255266392,0.366492527095623,-0.278372960115438,0.0407703367210318,-0.120626334520284
"Tarkpoima Clinic",1,3.72621280961453,-0.19710792432979,0.157410817491407,-0.0167250376468071,-0.0738702928229149,0.20769686897155,0.0180284636456993,0.0094672141404667
"Tenegar Community Clinic",1,4.39559031438477,-0.344304640342406,0.029068276103153,0.0122404595818066,-0.036067971896156,0.0704989923946454,-0.011029757415405,-0.0859363827446341
"Toffoi Town Clinic",1,3.67756150117797,-0.236287995693106,-0.0847345218509853,0.0565315144804732,-0.0192353420607568,0.205182734709637,-0.119980760682464,-0.0244475609286766
"Tubmanville Clinic",1,3.65973384473325,-0.295093325012311,-0.168730987843765,-0.146386112980198,-0.135935432473784,0.386092901216378,-0.147385623030562,0.17722107582762
"Tunukpuyee Clinic",1,4.50120327526469,-0.377476969522121,-0.142817621516314,0.329038986200042,-0.141747494696667,0.00833044841159948,0.123357818381302,0.128277404738529
"Tuzon Clinic",1,2.46676613493322,0.114195243423259,0.324203977516884,-0.169605751393965,-0.275729221108876,-0.027953705651076,-0.0874945064456832,-0.0353722114208995
"Tuzon Clinic (Cavalla)",1,2.66651473230878,-0.1311542523416,0.0647518127275952,-0.223265495471219,0.0446711450448299,0.152832990545208,-0.169751689951821,0.130124805209773
"Varguaye Clinic",1,3.29026680919449,-0.0131468561834543,0.0918108702474466,-0.0913147352151745,-0.185521987598442,0.101162009048189,-0.0843514461506166,0.0149027032405513
"Vayenglay Clinic",1,3.52993794764255,-0.0609002366638691,0.124165037423267,-0.0593195354419466,-0.044636196787146,-0.0201158658877084,-0.0851989476917216,0.0663095904688141
"Wainsue Clinic",1,3.52024353023599,-0.208718287926449,0.165491279634333,-0.0611610223594139,0.0274782327804871,0.0548522723337727,-0.00837497677208759,0.0256203888929913
"Worhn Clinic",1,5.72200489287278,-0.409745647623745,-0.226589955349734,0.154592586886848,-0.00370007834750214,0.182710023022292,-0.00653189690248761,0.0599848307705231
"Yangaya Clinic",1,4.30184299149223,-0.294929539472205,0.11670691024253,-0.0185659319731563,-0.0332914534651721,0.0672353653834481,0.11475596712855,0.0426578613947517
"Zannah Town Clinic",1,5.03290071007833,-0.18490999471947,-0.145018314756501,-0.00883162326579686,-0.181330913420686,0.0549803380072431,-0.011225087906382,0.136208432007648
"Zeeworth Clinic",1,5.05045905467354,-0.334571727482283,-0.022843033187283,-0.00744396946882785,0.0822220467335197,0.080053371083503,-0.056558279485836,-0.0318790284126191
"Zingbor Town",1,4.05112698503089,-0.168442894744696,-0.0613628374282902,0.0720957708107395,-0.152461604944562,-0.0455050356890929,-0.0164956577542475,0.135771159405252
"AF Russell Clinic",2,5.02513686214803,-0.449087409406638,-0.0409413418488226,0.0542008209948581,0.0194118002399651,-0.0181388785786878,-0.0201217141566229,0.025755664216975
"Ahmiddiya Clinic",2,4.81567020866652,-0.203223520253779,0.00094771567526269,0.110589665753486,0.0176261454792479,0.138191240100024,-0.00489515707322314,-0.0376120445599252
"Arthington Clinic",2,3.53104925063003,-0.0840539730892466,-0.0781882066844834,0.188951418256155,-0.0933118607199485,-0.111679372486515,-0.179891423798141,0.0491938247587273
"Balagwalazu Clinic",2,4.32182902567465,-0.266747781215939,-0.0850226574812929,0.0450018824067903,-0.0594574191358985,0.129676760486146,-0.0607586771939109,0.00385530561427422
"Bamballa Clinic",2,3.74464518084722,-0.224413016900503,-0.0388914856022809,-0.20186464176016,0.0334438607323817,0.163981949327259,-0.109452821921448,0.157839067697886
"Beadatuo Clinic",2,4.60439081459254,-0.173131905337527,-0.103707258614646,-0.172326338445975,0.0657104123984946,0.0568432453764944,-0.0693465936894149,0.0564132065015675
"Beh Town Clinic",2,4.14134470778134,-0.310121960988101,0.0795596303439983,0.0980493752701705,-0.112570225140898,0.0466748555052399,-0.0428601851880477,0.191885475953169
"Behwan Health Center",2,4.04538918696774,-0.0966256916296881,-0.0230675270036228,-0.060599652428888,0.112380192394686,0.127019778890682,0.0506262350194321,-0.111629653693689
"Beindin Clinic",2,5.00963830904013,-0.670033608626807,-0.0179038814518414,0.112594845857788,-0.0860334245256464,0.132211640854019,-0.150271297124335,0.151816135423305
"Bendaja Clinic",2,3.66324055715283,-0.250368523975146,0.179168233762002,-0.190764658967073,-0.0122417642760515,0.371267043617856,-0.144563963242331,0.19103345593467
"Bonjeh Town Clinic",2,4.24254316371686,-0.314444932727013,-0.0695083997110349,0.2685632180043,0.0683011340334752,0.0235933615941291,0.101570950396074,-0.0449118686001539
"Borkeza Clinic",2,5.686643553752,-0.419758233772949,-0.11539921636373,-0.0432065770366511,-0.00247732319641603,0.0952525379542442,-0.105077960253726,0.0759410938924457
"Cavalla Rubber Plantation Medical Center",2,3.86301866523807,0.0939703854545134,0.157085705396917,-0.0104911933513529,0.158062426031725,-0.0343679304831431,-0.00499391556220369,-0.0625131330589211
"Cotton Tree Health Center",2,4.61915696708256,-0.484011262772369,-0.134250217773156,0.429219626109938,-0.145367775521414,0.183907953460967,-0.268692291689692,-0.105866664233591
"Dorbor Clinic",2,4.03718768181616,-0.246391192482978,0.0445523726288379,0.176769324903474,0.0186925746468654,0.154234272472215,0.233917945401499,0.105148075450484
"Faith Clinic (Kolahun District)",2,2.97542080754918,-0.139426733667511,-0.266105551295912,0.0987028302023589,0.0951679620360952,-0.024404278056371,-0.093399707452337,0.127469057405167
"Fassavolu Clinic",2,5.02328941672668,-0.488532521898972,-0.333981390863788,0.0494971897437269,0.021233591880025,0.0415427910511836,-0.0215272778727267,0.0273198849732574
"Gbloulay Clinic",2,6.07077651056663,-0.751235455219075,-0.0265084926052795,0.245578194226308,0.0229716665655584,0.163777136191883,-0.0984404587355929,0.15743466934588
"Gboleken Clinic",2,4.06534227883853,-0.18186389795682,-0.0332721454897096,-0.00319199380789595,0.274057993744277,0.168855345045559,-0.0986936409979779,-0.0463497564767156
"Gogehn Clinic",2,4.05305170127755,-0.420228647948924,-0.117294652655046,0.0896058453431536,-0.0921102276864602,0.162117202754705,-0.0169753187813532,0.159983052040827
"Gorbowrogba Clinic",2,2.88573727450265,-0.0958630241995345,-0.039437853886608,0.133498330460728,0.153523850697874,0.187829753384944,0.0817098508757369,0.0438401457969802
"Harrisburg Clinic",2,4.54169176018552,-0.0737007970340755,-0.049948421585267,0.0652852198101871,0.0641415480554377,-0.0497371028265131,0.0841169491543372,0.136868319020919
"Inland Mission Clinic",2,3.33542491828348,-0.204799553629291,0.167390914775395,-0.09630523280426,0.040338894993184,-0.0302097665782559,-0.0229488018656162,-0.0234228865145952
"Jacksonville Clinic",2,4.13081136851963,-0.319331172108977,-0.231441044867913,0.306270110421238,-0.0174059812061836,0.247258591730703,0.0375614263055491,-0.0357214810642296
"Jamaica Road Clinic",2,2.99056027320277,-0.0248030224862321,0.0231678615054586,0.0317140343536104,0.0823499893827585,-0.104992856729886,0.0137846665714545,-0.0152519392678848
"Kamatahun Clinic",2,3.87653059471241,-0.23985700153849,0.00844359303057671,0.014069199039384,-0.0464883188256957,0.139559523839655,-0.0245165468163249,0.100553456110246
"Karnga Clinic",2,2.59777616688779,0.380337488661633,-0.187116908554604,-0.427099579093367,-0.0527741759504931,-0.165454668404979,0.0033661880409051,0.00777458248107838
"Kpalla Clinic",2,5.8178918442845,-0.239463604579242,-0.0342794903060948,0.033866317731823,-0.0395709150181266,0.083953950685823,-0.0951051540831081,0.0975386541714771
"Kumah Town Clinic",2,2.67866837225391,0.0895616401653198,0.103951697496871,0.315414520381631,0.160851898386001,0.246736112236007,-0.217620104578294,0.0731480048619703
"Liberia Government Hospital (Bomi)",2,6.54117554998829,-0.329575017119666,-0.0311061441813191,0.0863008167499708,-0.0282244561441432,0.107039428171067,-0.0261619704796502,-0.00193410016676972
"Madina Community Clinic",2,4.32506033237003,-0.554611582948712,-0.138260518198785,-0.0180269707861513,-0.0722031783133118,0.151519435099826,-0.146933056968619,0.0154453113131612
"Mbaloma Clinic",2,2.83691856164371,-0.0291963489948772,-0.289903600255007,-0.33816453012596,-0.108680585605258,-0.204555608064494,-0.274247015518849,0.0467680586489022
"Mecca Clinic",2,4.2248325580319,-0.30237947170343,0.161096948572971,-0.164518969845034,-0.173807411453136,0.0420840657325805,-0.0223266700684774,0.129732979376269
"Menhla Clinic",2,6.54677252931422,-0.947390898407837,0.256264118954175,0.594733402343342,-0.229791116830916,0.103396413836011,0.223361248467739,0.0784625616995734
"Newaken Clinic",2,3.302708929736,-0.0434226668140358,-0.0358210227940546,0.00501785883787977,0.0708645668477707,0.141846519098598,-0.0751991581891004,0.0108585295683316
"Nyenebo Clinic",2,4.02825998567395,-0.234306440119455,0.0899954681620674,0.0851097748192057,0.238767297589407,0.331245944511804,0.131596559727522,0.00171267542464667
"Payne Town Clinic",2,3.52045271137817,-0.286851025001106,0.0738634508889318,0.0294601906409819,0.0505846775597072,0.0267598680903683,-0.169608186159901,0.0821287860044783
"Peter's Town Clinic",2,4.27804781841452,-0.278599809324641,-0.120412366989115,0.081635208241356,-0.0734622936524464,0.0659695712967502,0.0450286361766658,-0.0735091799172111
"Pipeline Health Center",2,4.95532172575444,-0.309785008841995,-0.0121129581160033,0.197566440388725,0.0278034931760309,0.08552159353481,-0.0167139897442914,0.0662708182189773
"Popalahun Clinic",2,5.12067819037108,-0.452585181644971,0.00152509196457444,-0.00635380386669985,-0.00679323061882221,0.021814201860243,-0.0665736576350065,0.0109514247663809
"Pronoken Clinic",2,4.68535324754606,-0.40527941616137,-0.00384873922135813,-0.0234765351328873,0.0492956690561531,0.0822254673987818,-0.0998231996266268,-0.0506749941975559
"Pullah Clinic",2,4.68677306830631,-0.490942756664864,-0.0533521610979696,0.277647360852955,0.0658562109370354,-0.0719462752907439,-0.114978326333969,-0.0358340724502784
"Putuken Clinic",2,3.70355240938959,-0.067314306891196,0.0382536444425554,-0.235197561021255,0.0671869708525345,0.159454293431964,-0.0155130111717643,0.0107833179543741
"Redemption Hospital",2,7.39048245964608,-0.40515511531187,0.0731855316341414,-0.11152180645099,-0.0525937884079741,-0.0223562465803624,-0.113330413544906,0.0671304296834974
"Sorlumba Clinic",2,6.10822009811649,-0.691136949038504,-0.0336873770042262,0.186215132149069,-0.0212861271339747,-0.0623723855297144,-0.0521435330838187,0.0607714894950183
"Tahn-Mafa Community Clinic",2,4.50727904915554,-0.198746082496923,-0.0846978050010807,-0.0180884991404887,0.0567463762009892,0.0464093684069974,-0.0383331389262123,-0.0254388382942485
"Tallah Clinic",2,4.6956736077967,-0.342273943147676,-0.154797504508203,-0.437980101628323,0.140075045597936,0.0972382206891706,0.0469986927953461,0.124521023212072
"Than Gola-Kanneh Clinic",2,4.04342291861373,-0.0932720381038165,0.0111707693133336,0.0898891472868809,-0.0310311961146527,0.109921704545754,-0.117459596887773,-0.0776192769861025
"Unification Town Health Center",2,3.77363433280773,-0.216657592076921,-0.0732560820506407,0.290913841408596,-0.0527113458644414,0.0380025445779881,-0.266409869967463,0.110033220129997
"Vellay-Ta Clinic",2,3.63367607915481,-0.0767127235948979,-0.309338084457186,-0.15557996058842,0.0198146223956341,0.168738719279191,0.0762206320580771,0.0486246139536678
"Weasua Clinic",2,4.08377654671218,-0.311488131886725,-0.0885166384020745,0.0612228317819519,0.248839890205497,0.0757081180888385,-0.071031985615829,0.145877517154603
"Yekpedu Clinic",2,5.53364389218466,-0.508233889381058,-0.0112379486834909,0.0327959664755702,0.104587068623123,-0.064655350050383,0.236840004986096,0.0590274097931597
"Zaway Clinic",2,3.73772139873387,-0.236289819294019,-0.0833337182177681,0.00805448690550973,0.0187011184477496,0.0860929475832983,-0.00483434637491982,-0.148819342605015
"Zekepa Health Center",2,6.51939953385399,-0.84792325692258,0.111228364666422,0.181779226223017,0.0165421070586345,0.202470543787362,-0.0113006494243307,0.254211795124594
"Zordee Clinic",2,4.70861943568411,-0.525987145169807,-0.0981032050884558,0.0403246119046096,-0.0326915663533404,0.117743264822192,0.0326375302533171,0.201874285986636
"Angel way women center Clinic",3,3.40924483678365,-0.0166616613373051,-0.0713917093623073,-0.0764689028485868,0.0655762591972058,-0.132662744425706,0.00948626156019361,0.0566605521032774
"Balakpalasu Clinic",3,4.04084808724793,-0.159989946797527,-0.059273720570289,-0.153350950784988,0.0905146897188269,0.126266537598451,0.0993206879509177,0.0154404308057355
"Bo Water Side Clinic",3,4.10563490202336,-1.09984762683309,-0.636924597388524,0.370385254589548,-0.794163229381642,0.338800687442659,-0.526803665228943,-0.241754459857511
"Bushrod Island Community Clinic",3,3.92004238005442,0.0974216341300728,0.0035027389593403,-0.0558978394008645,0.0606960459714666,-0.0136042993853689,-0.0828214828021032,-0.00147566652008477
"Careysburg Clinic",3,5.21570862913662,-0.170520868125208,0.0936124061866001,-0.11739545322929,-0.140559587314402,-0.107518966706799,-0.0248742549195061,0.226808378984904
"Charlseville Clinic",3,4.67215752530478,-0.342542298567456,-0.116991719614314,0.102236008609211,0.149435237370715,-0.101211952464735,-0.168071474932238,0.137127307983942
"Chief Jallahlon Medical Center",3,5.28072106448648,-0.0252439780226056,0.128226662244667,-0.0651658672626113,-0.0426031649337429,-0.0157666313055602,0.054473489619773,-0.0423426335930418
"Chocolate City Health Center",3,5.12907571833111,-0.177058151230019,0.147588660140454,0.0765688136977363,0.0505627692618623,-0.000884928161741462,-0.0336764316348231,0.0652629171455294
"Cocopa Clinic",3,2.72272283948125,0.0225875156000136,-0.196176041739516,-0.0327287959699797,-0.0582963876990458,0.151786096195948,-0.109482382290469,0.0100518766740992
"Dagweh Community Clinic",3,4.41311576645314,-0.17557134319208,0.261280608464118,0.0666256549924092,-0.0196005234876356,-0.0353658814742031,0.0724525685459642,0.0326817533748928
"Damballa Health Center",3,5.63565129909868,-0.240469735355743,-0.108548326292702,-0.127186413573253,-0.0410063619126437,-0.0928587464827368,-0.0313954107579371,-0.00362365426703226
"Doodwicken Clinic",3,3.56561911312623,-0.109551651033909,-0.100521461712928,-0.0471087494172526,-0.262050892843375,-0.0921635669535701,0.00904844817368891,-0.0150990554919402
"Edward Beyan Kesselly Military Barracks Clinic",3,4.37918440064288,0.0209608455128217,0.0986525297175788,0.0633835910598033,-0.2008609172557,0.0541767324934666,0.0544883800289336,0.00164292031693572
"Fish Town Hospital",3,5.44259969706291,-0.207722797108392,0.168753383169679,0.0280161634851935,0.00220569950066156,-0.0188548854444207,-0.072083088040521,-0.00983385086278983
"Foya Boma Hospital",3,6.53092402122971,-0.837956218894549,-0.00983478939828993,0.472896523599688,-0.140612677393323,-0.0507135331053946,0.0249562651593104,0.128171625150477
"Gardour Clinic",3,4.08096999086657,-0.442134371592182,0.128646988733376,0.2784230014685,0.00934758493148805,0.207189385242684,-0.0458345020459887,0.133810686812989
"Gbangay Clinic",3,4.74900142867649,-0.261902546836947,0.0944612521536856,-0.0761401545371179,0.0957830191985996,0.293116998098463,0.0613956704794461,0.0666391251768581
"Gonzipo Clinic",3,3.76522180646438,-0.144023950599042,-0.056179885396123,-0.0576489190995527,0.108477309708185,-0.013103621853489,0.151612736917486,0.0608570311874436
"Isaac F. Gbema Clinic",3,2.09111483941421,0.0890499274634746,0.169443748321804,0.0100671763459102,0.468872964161988,-0.135934013529663,-0.0163410571019508,-0.0275171191861393
"Karnplay Health Center",3,5.54699309995272,-0.286360378951594,0.058355021288543,-0.0383812075155332,-0.0301182758469159,-0.204551814442232,-0.206016937030948,0.0519096633969789
"Kingsville Clinic",3,4.8702282906,-0.204628646464211,-0.101711151602217,-0.111794614204348,-0.107631910943289,-0.0656690514263442,-0.107117610135282,0.0779266755418563
"Kolahun Hospital",3,5.73669316754737,-0.612273736534803,0.0362725244872738,-0.101301208421682,-0.315147118265095,0.0135626759200343,-0.051901844635534,0.117181817133559
"Kongo Mano River Clinic",3,3.28416910290012,-0.271337996332534,-0.195633254795898,-0.26801257150872,-0.188914245150713,0.011556827836691,0.0285838038830054,0.0885880621447695
"Kpotomai Clinic",3,4.35691328024285,-0.360397838702155,-0.0138953773976765,0.103065261345641,-0.00185485364630821,-0.00107662635559277,-0.0435062848229481,0.122885929002084
"Little Kola Clinic",3,3.29195500253971,-0.152409045033523,-0.05945733274941,-0.0244627540335376,-0.0371992970447347,0.0543047336709121,-0.13823799880319,-0.0790515538913229
"Ma-Garmai Maternity Clinic",3,3.56722244933185,-0.0160378051725915,-0.0489495998062741,0.132763807649166,-0.0330421431137972,-0.10669232122076,-0.105128503928355,0.0189480122337971
"Mambo Clinic",3,4.93061464524016,-0.379746250234409,-0.14146716606542,0.0517801583480622,-0.179601196806005,0.0998462492540147,-0.0375056816252655,0.112321119263565
"Marshall Health Center",3,4.45372692060539,-0.0952703510374795,0.0525588972743567,0.185400752333127,0.0580380215921524,-0.0197986345443546,0.0243223379775814,-0.12276365716627
"New Yourpea Clinic",3,6.40991645277328,-0.665562156778637,-0.155918966584173,0.111822621488126,-0.0141617729247803,0.11281859179861,-0.0611642391684903,0.078029822708557
"Putu Jarwodee Clinic",3,2.89146386777742,0.018711505630138,-0.0250616131390599,0.0762546012311768,-0.190094465676938,0.124520325512885,-0.0940855902174346,0.0513993222108684
"River Gbeh Clinic",3,4.32287309069631,-0.263819287521342,0.102160527954597,-0.132165023961202,0.00858956749115128,0.00281954997238687,-0.113478573941363,0.0746996390010116
"Shelloe Clinic",3,5.05525082370401,-0.602573982650734,0.180114187891926,0.280047722242418,-0.0744515063627485,0.0654741459903402,0.0684268801926185,0.0396084673062501
"SLEMP Medical Clinic",3,2.26159782902475,-0.238637229176587,0.0826800172299931,0.243794166501758,-0.279417673684323,0.00162466843079788,-0.0944610302333427,0.239228293661169
"Slipway Clinic",3,4.91055324590419,-0.111561791288612,0.124317875602318,-0.10560712585707,-0.0858118922947021,-0.0682903433862365,-0.0426803356474813,0.0834139294597124
"St Peter Claver Catholic Health Center",3,4.21002829046672,-0.143091252261007,-0.000786397299389424,0.00875204252127881,-0.0342970350310486,-0.152342175791296,-0.0292180172597174,0.0874843917129523
"St. Peter Clinic",3,2.67365059066293,-0.0305972557076552,-0.0319725550444623,-0.105517618602378,0.228179294133676,-0.0963771255194606,-0.0442800025565414,0.00329835992975031
"Timbo Compound Clinic",3,2.95913455093914,0.046594981699798,-0.0192087401476436,-0.0327122799904748,0.00696299522048064,0.0447845200538442,-0.0429232394293389,-0.0194410245466158
"Tubmanville Clinic (Buchanan)",3,4.30848071695544,-0.26099314891909,-0.130222168700869,-0.0620568710825926,-0.201091669935538,0.1638918122255,-0.0682258624320564,0.00571166469550032
"Wolola Clinic",3,4.60072024722523,-0.402819805626195,-0.0233896661916585,-0.0661931557745094,-0.00711128166714009,0.152294330624476,0.0049969082218244,0.00503585647975725
"Yeamai Clinic",3,4.46408706215325,-0.556605273354298,0.0168812369077166,0.0473337096847009,-0.0666610054389665,0.0651829767652475,0.0428188335317826,0.0048259666317015
"Zodru Clinic",3,4.68811465587068,-0.382465642971028,-0.0158551257524482,0.150795303005912,-0.0116890873066031,0.186162029787285,-0.176681607956292,0.156643392939368
"B O P Clinc",4,4.92532765510182,-0.390119432169181,-0.0725889434642519,-0.144173189244401,0.117896779245423,0.0164574965763272,-0.0116886923959862,0.0717118888000909
"Banjor Community Clinic",4,4.00223676751223,-0.143214499554874,0.168947172845669,-0.171648816770646,-0.0502925969669601,-0.125411570173724,0.0397653616140965,0.0337639420617511
"Barkedu Clinic",4,4.73344114690163,-0.557149043690258,-0.331308636752634,0.0335080911464096,0.146611092170023,-0.0464970921807366,0.0713373289619461,0.000562470221177769
"Barnersville Health Center",4,4.11724709692519,-0.0366588794248093,0.00445108181144853,0.0220620440951696,0.0761726915773638,-0.0416799495258222,0.0382997474717208,0.0240230651447782
"Bazagizia Clinic",4,4.84777549301621,-0.275389093538456,0.0021480245196506,-0.167732182683365,0.125099872277208,0.0274968291313837,0.0531534493669831,0.0274632838850346
"Bensonville Hospital",4,5.2735669975027,-0.280523275076315,0.143614199814301,-0.012168520479146,-0.019111843168491,-0.0168097358304533,-0.0700037632802861,0.054468639407297
"Bishop John Collins Clinic",4,4.30698690192302,-0.292863994180364,0.0408969757509662,0.119984502153184,-0.0669569287891741,-0.0686674648598225,-0.0622022533246512,-0.0344073108538181
"Boeglay Town Clinic",4,5.08115784737643,-0.30461740894209,-0.133750174108995,0.0419076840484272,0.15094317344062,0.166445397490183,0.0924463114673417,-0.0506690390125324
"Bonlay Clinic",4,2.85444313744861,-0.183074899554866,0.180703763430651,0.261783497265849,-0.162810787858249,0.0381218714717714,-0.0854216615131146,0.171045487151717
"Boyee Clinic",4,6.13204127202297,-0.688555118324524,-0.102129592790249,0.419425450652096,-0.134555599558444,0.514218140499657,-0.0345854543869849,0.352175776632082
"Christ the King Clinic",4,2.08848932578842,0.218727921087287,0.167439757531664,-0.188084299689904,0.105330232092537,-0.278698542939198,-0.0923847062014736,-0.126159833667907
"Christian Extension Ministry Clinic",4,3.47627110979872,0.23752098921833,0.0287055974570437,-0.0110433576818694,0.102073103598994,-0.195801681175484,-0.0698172697946143,-0.026194219703722
"Cinta Clinic",4,3.24744896267125,-0.0300738073810574,0.0376907945867057,0.0385549342981908,-0.107932654805449,0.122179629414469,-0.0869731450320967,0.107135295400809
"Crozierville Clinic",4,4.90631381461708,-0.428556365881986,-0.12034531809154,0.0590276166288329,-0.133175348518024,-0.119750654570038,-0.0241775172428997,0.0273982863925323
"Desoe Town Clinic",4,3.81528455251122,-0.251253573002713,0.179643445203784,-0.0150450471291649,-0.218836962151966,0.214467032032836,0.123675480307889,-0.0869559069907577
"Diallah Clinic",4,5.2475438689235,-0.570967911635355,-0.00210188554803122,0.16017961019062,0.0160428476495133,0.102654454303723,-0.153764857662147,0.165000446190606
"Duo Town Clinic",4,4.29567220645221,-0.586492806918946,-0.247249370227514,0.149990862759853,-0.0263449906857314,-0.0531660518355324,-0.0688954183265679,0.121462620903124
"Faith Clinic (St Paul River District)",4,4.13708528475518,-0.307535197470029,-0.126259823918563,0.177779458618925,0.0188434324489985,0.0588431450670195,0.0422988472667528,0.134207772486098
"Flumpa Mission Clinic",4,5.33912858700375,-0.693529160994632,-0.277202123692099,0.253353984770618,0.0363436835232441,0.0102458762070558,0.0027532928770477,0.110515127172786
"Gayah Hill Clinic",4,4.49822395669375,-0.214516706323225,-0.0955740749059933,-0.0432577554562522,0.0257081696140089,-0.0806587659426891,0.0654746498906972,-0.00177351207219292
"Gbediah Clinic",4,2.89799915838726,-0.0186138570641767,-0.049294363491407,-0.0472551580697023,0.0302509582649664,0.121495624305528,0.114591529132098,-0.0449195023258064
"Goba Clinic",4,4.7936199709252,-0.118964999772645,-0.0607665792349656,0.0879347162471273,0.0299405930151835,0.00580529542572434,-0.0551362391141062,-0.000994484127158441
"Kploh Community Clinic",4,3.94591983284725,-0.247922664315981,-0.0544094790088566,0.0179970559356516,-0.0419507772371538,0.262068572940889,0.0148353054892734,-0.0320891010349442
"Larkpasee Clinic",4,3.1254687372373,-0.254950690891517,0.0851761483115903,0.0367093170849624,-0.00645283490799219,0.151243749466979,0.0641785197573898,0.030667935137186
"Liberia Government Hospital (Buchanan)",4,6.01843718484972,-0.247058161419489,0.341577528011886,-0.0150145218385619,0.120768505546308,0.00580232097682174,0.0457593324350175,-0.15206260809447
"Louisiana Clinic",4,5.87673683706111,-0.348140306200834,-0.0615751093339935,0.142218498373699,0.0421003635656539,-0.0635549039530909,-0.00711574963743789,-0.060662300014841
"Ma- Bea Community Clinic",4,2.08869071607247,0.0544982549853306,0.14815763255929,-0.0161440243623845,0.22835548023366,-0.267645852246813,-0.0877966321548345,-0.113763181634311
"Martha Tubman Memorial Hospital",4,4.713315028499,-0.0150084820147258,0.0138705149875328,-0.170543392645092,0.184184963716439,-0.00222198671448032,-0.113326755179641,0.00911437989903936
"Patience Medical Clinic",4,2.53998448719888,-0.0837333957422689,0.142961639253713,-0.187336605108404,0.0302897464429297,-0.064854210555731,-0.182990213557,0.0618314539033546
"Refuge Place Clinic",4,4.37955726725457,0.197682757790665,0.0983087818223536,-0.0497246527286584,-0.221384627219696,-0.0847157407766693,0.190448087692608,0.0719871252612771
"Saclepea Dorcus Mantor Clinic",4,3.33079507660058,-0.246048002542862,-0.186390972089619,0.146778454658508,-0.0267183238398656,0.0801184893664193,0.116184986821998,0.105203283243026
"U-Bor Clinic",4,3.05699227133759,-0.0101232967555751,0.0845688909798346,-0.314025963635699,-0.0903760535269198,0.0125751927217168,-0.195971788604089,0.0734140921703239
"ULIC Saclepea Mission Clinic",4,2.57324926909259,-0.291060031081533,0.270239910852898,-0.184365558312449,0.0045649097670891,-0.140888998851406,-0.270369352861112,0.1895623499686
"White Plains Clinic",4,4.1979126321914,-0.120622755280217,-0.141255500339144,-0.00901553586146108,0.0209244030748056,0.0406964570640188,-0.0530806330799196,0.149633372455774
"Zenalormai Clinic",4,5.09842744425564,-0.277548932541723,-0.159274371737182,-0.0916220442154369,0.023407563977392,0.173378918624321,0.0221558259923384,0.0884407042074275
"Boegeezay Health Center",5,4.04632715774635,-0.132573596735067,0.00981788443576287,0.0400694844061834,0.00846532396346452,0.137942515358147,-0.142616635007087,0.0507598934524901
"Bunadin Clinic",5,5.19908809084246,-1.04706905956168,0.124812877283057,0.260206620877749,0.00490558987879594,0.195027653998631,-0.25742441760362,0.326292242721328
"Ceegbah Clinic",5,3.66195731159922,-0.155179128495619,0.0220376202788491,0.149040823807181,0.100915764265631,0.191422363446512,-0.0790760857998894,0.224061877646473
"Consolata Clinic",5,4.55413914300246,-0.131641768197581,-0.058955380801357,0.0622242932292141,0.18997686790185,-0.0302761902508966,-0.126371309604063,0.110766500911005
"Division 28 Health Center",5,5.59554898978222,-0.642372754306528,-0.248795465408178,0.214324363153509,0.397972207443313,-0.044432081956395,-0.171207529130245,-0.120522554805131
"Duogomai Clinic",5,4.26211513363735,-0.241849179810664,0.176043475425181,-0.0547370812932606,0.0774191982696626,-0.0339983667972544,-0.0585280397135943,0.0425295950945696
"Duport Health Center",5,4.22379712728333,-0.0401484297042244,0.0381943492177068,0.142487711106478,0.00103225156384835,0.0236995240267137,-0.114215146987201,0.0836182932042683
"Gardnersville Community Clinic",5,4.39393119275757,0.0232924800187232,0.111025941841255,0.0445469472985508,0.106206253201885,-0.0324528060236147,-0.084073693496283,0.0955252648867833
"Goagortuo Clinic",5,5.08609602155029,-0.322466531233354,-0.149930940788284,0.119260818345362,-0.193531635421926,0.0126654422477692,-0.0235287448953688,0.170144573866052
"GW Harley Hospital",5,6.42347126650161,-0.465769137793277,0.0479358628346201,0.101616504897744,-0.184292962100669,0.0606047677557423,-0.0799381129463053,0.0552503659270385
"Imani House Clinic",5,3.48598136641771,0.139535134793021,-0.108438436242164,-0.0598298015801056,0.0203360659380405,0.0718675476487953,-0.103411545448915,-0.0537457749080249
"Kakata Health Center",5,4.69249818746829,-0.344511992251292,0.0394917553436452,0.174948987632117,-0.1290595926746,-0.0929049952299737,-0.071433131224133,0.112723045560135
"Kpairplay Clinic",5,3.75741154522899,-0.196144740278745,0.0763942494534153,0.145418886634438,0.0355569919057846,0.104088782028217,-0.0307893968535512,0.0490045605402678
"Kpakamai Clinic",5,4.57124589725141,-0.334074040912976,0.0807043117004011,0.133676428971058,-0.0829563592475675,0.0634464056957244,0.088787106879779,0.0682970995171185
"Kpein Clinic",5,5.85719773253082,-0.632150641217786,-0.154694195563139,0.162962874150858,-0.0336825983693493,0.0861568711395762,-0.203038272635795,-0.0036063479852121
"Neezuin Clinic",5,3.04592738211849,-0.0739625015197036,0.101691113639227,0.0390765569679797,0.016438557228462,0.068198785677206,-0.0843832483277824,-0.0293438517211941
"New Georgia Community Health Center",5,5.44633431461097,-0.0928653469825382,0.0447776563127733,0.0413340693973059,0.0150502573843337,-0.113879800409848,-0.0347967946814595,-0.054688456581922
"Paneta Community Clinic",5,2.45184649200747,-0.0282411564253118,-0.0708743786740467,-0.021158921919853,0.0612603207475911,-0.0141441370590738,-0.0779686710178194,-0.0351651381722103
"St Mary's Clinic",5,5.01784329708725,-0.330002151752154,-0.178185268983806,0.148135645783981,-0.131322564530675,-0.123084702303856,-0.16315635852658,0.228048556811228
"Star of the Sea Health Center",5,4.80959660208045,0.0298638462857613,-0.00222329982424941,-0.151670545766552,0.0410217763161272,-0.100961568583146,-0.0141376511567063,0.00285178827897882
"Torbogizizu Clinic",5,5.1795835575356,-0.24992999994568,-0.165522167235674,-0.00060172783145818,-0.0203190681813709,-0.0875529560507345,0.0433733092263185,-0.093395203308153
"Weawolo Clinic",5,4.53878446434923,-0.413852870050747,0.0129563179362521,0.0730409935282199,-0.0874421848665702,0.0728264291956379,0.110627420349812,0.130205236787789
"Worsonga Clinic",5,5.54904637508699,-0.84224994220788,-0.106847164085599,0.23572226937882,0.000828355785003545,0.0216794422763135,-0.233739577934406,0.0564699994339932
"Equip Clinic",6,3.73669142112632,-0.15934707293221,-0.0386152845617817,0.169384311866506,-0.169306749853833,0.186037697981655,-0.117274095776314,0.104116955912905
"Galapo Clinic",6,1.83161351029301,-0.372794290520622,0.0924376566737427,0.0775390020008863,-0.255835673501258,-0.17151394249876,0.279996596532031,0.383270823557109
"Johnsonville Clinic",6,4.40750528618874,-0.464109764431631,-0.0684678490387142,0.0394420554340208,-0.0538752454952832,-0.138231460743604,-0.1051842425177,0.223885366980136
"Kpallah Clinic",6,3.83312797891668,-1.0225057045153,-0.203659846255214,-0.993002878628212,-1.05968832033092,0.371184349368327,-1.07207022938702,-0.768056758527823
"Larkay-Ta Clinic",6,3.63170295622792,-0.32785892395729,-0.222716374555379,-0.0363059008037909,0.0616940722685952,0.0558684292215281,-0.0981897287815633,0.0160406350025198
"Ma V Maternity Clinic",6,3.05854876878891,-0.152897292524403,0.0643464908021263,0.119290897570935,-0.14681625632993,-0.120140642921594,-0.107483729449569,-0.00721721183318705
"Medical Consultants Associates (MALAG) Clinic",6,3.98115969381861,-0.387777519657397,0.0935785939914766,0.150229211841672,-0.10015273036807,0.132356679556387,0.0288942211461307,0.0262406519218018
"Nyandemoilahun Clinic",6,5.11903734604547,-0.677620100521853,-0.0356699730586603,0.00501210685502297,-0.16023147249459,-0.117119147720801,-0.179926731448648,-0.011689043500915
"Sarkonnedu Clinic",6,6.12344447613178,-0.759106728370939,-0.045226660353416,0.00696961763648267,0.125535876989166,0.123506519610583,-0.165661890657402,-0.0498970907105099
"SOS Clinic",6,5.5843846107414,-0.620363862064029,0.0618384608492048,0.0697369374762471,-0.157774941446816,0.160510638552666,-0.183036367840147,0.0106321941335162
"St Benedict Menni Health Center",6,4.32418899441047,-0.28957560065099,0.0190917392497721,0.0386846047535641,-0.260464330549245,-0.0274549454743649,-0.10587184741924,0.107244617860161
"Suehn Clinic",6,5.0405192219909,-0.490955193441513,0.0292244666106286,-0.0210491359404426,0.0865656708862068,-0.0628858657882724,-0.0515905948543558,0.000470991179904883
"Vahun Health Center",6,5.26962590711849,-0.396052340540037,-0.0494992270761174,-0.0484329843644405,0.0994655587620452,0.024250915594238,0.0753219370008711,0.134644095828495
"Weala Community Clinic",6,1.2291210316936,0.321861939890526,0.020239620434885,-0.135234353641637,0.17602355602534,-0.415372085789493,-0.198331596694286,0.177169354955532
"ACFI Medical Clinic",7,3.47850654923317,-0.254856668534032,-0.0401332452912878,-0.0821675565617327,-0.0653737288409107,0.0630779292025518,-0.00250787920361739,0.0994755159668114
"Beletanda",7,3.49859938140552,-0.314416847640244,0.170038097289214,0.17666102479739,-0.0881293115340711,0.0505367208981903,-0.0756712918925892,0.0620210764428644
"Clara Town Health Center",7,4.43046721717696,0.234140230193674,0.00721763116899808,-0.279650147301603,-0.0332819121826424,-0.0636265121639588,-0.148740025656582,-0.0288930358381537
"Du-side Hospital",7,0.796935415473394,0.371975239726963,0.83767884473773,1.08070722247657,1.46224051403316,-0.0783959914130589,-0.412825488537408,-0.51538069045966
"ELWA Hospital",7,3.98879148996038,0.0971824761905326,0.208135977696325,-0.271405826040439,-0.0514949838725652,-0.154644096590229,-0.122810623784175,0.0711551106766987
"Gates of Hope Clinic",7,2.71368737285674,-0.173313422964173,-0.178546901391595,-0.2271948645867,-0.0869103072787627,0.0368684072206706,0.106211039920429,0.0884823135538749
"ITI Clinic",7,3.97449913133633,-0.308161373227472,0.00435730990127194,0.00102608671276008,0.000213072544020082,0.108425905376764,-0.0189194459023191,0.209710388784287
"Jaw Community Clinic",7,3.47433548620399,-0.139507189152408,0.113158443673585,0.0541822750313009,0.115117315954332,0.0543026045611202,0.0152423817470306,0.0108359544450417
"Kannah Community Clinic",7,6.79803725322016,-0.945743019343792,0.0226180170714007,0.500523171994041,-0.0227491224910163,0.278471088253089,0.0160070201156471,0.205133940960598
"Kellen Clinic Mt. Blarclay",7,0.857689861219143,0.603133669793186,0.334650970335421,-0.0343516400862837,0.0426661555588463,-0.252843222209001,-0.0603355093802839,-0.0334328902175305
"Lloydsville Clinic",7,4.13267442088369,-0.12515670152915,0.11270905855505,0.157812527020987,0.0375569274129695,0.0498061971536309,0.130064556573479,-0.0102093551224648
"Markue Medical Laboratory Clinic",7,3.22354575432037,0.100287315829879,0.141244300699106,0.0786693470762905,0.169542815490264,-0.0340457323979343,-0.206588351806233,0.0208001162173247
"Owensgrove Clinic",7,5.21953089078784,-0.395404029630224,-0.0993870151798897,0.278681699792614,0.0977838376097795,0.116432126940517,-0.0491409265001668,0.062934858911394
"RH Ferguson Health Center",7,3.10836846805303,-0.0188710238359065,0.214959651362971,0.0963480656495269,-0.0534018395314402,0.0886453363058126,0.099543124012399,0.101994069880146
"Safe Zone Community Clinic",7,3.0149148315421,-0.341108176505001,-0.149232229861758,0.00297926114753398,0.00191657882249305,0.0166986365972058,0.00609509913151719,0.0724136014379664
"Soniwen Health Center",7,5.66699988109111,-0.165365222657354,0.0410376990488342,-0.033054428615712,-0.0498395266075036,-0.017355688449384,-0.112475152198141,0.0407679773904892
"St Francis Hospital",7,3.15760059076381,0.0135676590397108,0.239429607394966,0.0628940819401212,0.0626809625939987,0.0506389290522033,-0.134566055577372,-0.139535481733214
"Swamp Community Clinic",7,4.17566464264193,-0.181947237997443,-0.0956583696523833,-0.00849641236184336,-0.0620250304650413,0.0197622114394741,-0.0576723772495077,0.00117901414523209
"Trinity Maternity Clinic",7,3.54941475547713,-0.274936150245017,-0.00836659603694027,-0.107907791601996,-0.0159486685516697,0.0665581859946856,0.0384463436359219,0.0301804915919968
"Arcelor Mittal Hospital",8,2.87410843731204,0.423462469309373,0.298828028977475,-0.161141587010207,-0.142493336603901,-0.285640969627472,-0.162548800597591,-0.162028001033207
"Bondi Clinic",8,3.0485065512881,-0.104565287061333,0.0287892460735945,0.250897900710025,0.0472536922153497,-0.154514036327441,-0.0288747642500934,-0.0169890120611076
"Camp Sandee Ware Clinic",8,4.13979105225165,-0.321552384622923,-0.17746433407583,-0.111964767707452,-0.0751072420131255,-0.0662265304143273,0.0533941628954251,-0.0607202074635346
"CH Rennie Hospital",8,5.82960406024762,-0.425637673249221,-0.115097705637041,-0.0808454242786852,-0.0141707477369884,-0.00571218074072049,-0.17529415311352,0.152425552027597
"Duo Tiayee Clinic",8,5.19083806651992,-0.565557833909641,0.292491132692042,-0.227902816308476,0.327955793622177,0.0774981206108215,-0.086254999572434,-0.0341625034214896
"Edina Clinic",8,4.57060577792878,-0.0719106946598096,-0.0568882587859568,-0.047029062940926,-0.0415299847271875,0.0791656263260438,-0.0183145254409212,-0.0752053262800564
"Fissibu Clinic",8,4.2374336848561,-0.3946848549398,-0.0554056913112746,0.145205149741459,0.139649950899233,0.0724394471575631,-0.0234234524619028,0.147385887531001
"Group of 77 Clinic",8,4.87395077194499,-0.393971446242592,-0.12959483855338,-0.000112399172113752,0.0391470208352663,-0.130446975490706,0.0193532705345887,0.0210666748205698
"Kpademai Clinic",8,3.79951132987671,-0.175263069971942,0.0977081342540276,-0.148274433348976,-0.0739468493535173,0.122189826370355,0.0465255379231641,0.107469434968655
"Lott Carey Mission School Clinic",8,5.03503556488156,-0.43066584589259,-0.0753708823234156,-0.126822431378282,-0.120480264074157,0.0493838847919117,0.0847165864291162,-0.123086276682181
"Pentecostal Clinic",8,1.19969689317269,0.451667821094606,0.0655496961484311,-0.0995928659223535,0.0031748321155027,-0.0880543759937715,0.0977372628656721,0.132389292242329
"Tellewoyan Memorial Hospital",8,4.63677887734935,-0.16144273056569,0.165646847510171,-0.0614886434718188,-0.224446374752144,-0.143107274852991,-0.129457362032129,0.151369094786304
"Tucker-Ta Clinic",8,2.70122428238494,-0.144842117104232,0.145379656447639,-0.043760160140993,-0.0132191943313063,0.0237069821029041,-0.299306754656721,-0.20109655583571
"Weala  United Methodist Clinic",8,1.92288247764502,0.210952140065744,-0.155913617882095,0.112315432897055,0.146171105708241,-0.0534438713041106,-0.223439233516513,-0.0651942540242248
"Yarnwullie Clinic",8,2.98146679285971,-0.434301205741416,-0.121300909606875,0.086919588109192,-0.074088574008582,0.179491524470909,0.21063787542044,-0.121246196822028
"Yeala Clinic",8,5.15075655228623,-0.730398589738465,-0.315962889311256,0.237072438266073,-0.0360728035451536,0.197331034441681,-0.204328489574734,0.240471626307621
"Anthony Medical Clinic",9,2.6967680175865,-0.0828205606449384,-0.0930180052881723,-0.0431950759812165,0.124620576023643,0.0490562965475016,-0.0445163759499647,-0.079143168172344
"Bokay Town Clinic",9,4.57235636442136,-0.413617416386011,-0.0560571317975158,0.20632378275179,0.0574600917322304,0.105634385788153,0.123512521179452,0.13404560977368
"Cynthia Nelson Clinic",9,3.74391218171791,-0.0827185854390599,0.0398305681374263,-0.0634890680558031,0.0334617561404567,-0.159788635752114,0.0564582110851743,0.0868856942194015
"Dr Barcolleh Health Center",9,3.48330883475411,-0.112397877443137,0.0117623665490861,0.143599984991674,0.0159122715760674,0.0711369749502767,-0.0836153130433311,0.223007691827769
"Few Diagnosistic",9,6.15083951593069,-0.655903405688934,-0.169942222694874,-0.0120117973143019,-0.00633461465153607,0.126595113679361,-0.0635737739115752,0.0164386977015231
"Ganta Community Clinic",9,6.14875472586425,-0.890293037680959,-0.0957001949338974,0.238166777108874,0.0143818146056616,-0.0536146859478945,-0.167116207833908,0.0252045538532398
"Iron Factory Clinic",9,3.54492252602307,-0.177344027196511,-0.028063418585523,0.106598111062065,0.0841744059996796,0.11658010147356,-0.0198904205495792,-0.0360178469081802
"Kangbo Clinic",9,3.93073326537841,-0.276991315982772,0.008629107590849,0.0785162550910462,-0.0969269973199457,0.099014231306603,-0.0736332058618831,0.0913928082923443
"Koon Town Clinic",9,5.18895400420749,-0.558888916474396,-0.0520838122612592,0.259988426378049,-0.00217221533190417,0.269217269978185,0.097634151810009,-0.0492012645269822
"Ricks Mission School Clinic",9,3.22458043484173,-0.314134260801055,-0.0958598152463592,-0.215159995083895,-0.159153528012785,0.134669503346041,-0.0876895807574781,0.071542296534704
"Rock City Community Clinic",9,1.97839660571762,0.0701410361222185,0.0908769487816574,-0.373037797030742,-0.0256798047252559,-0.42199456515306,-0.245519586395527,-0.0282732257833484
"Sacred Heart Clinic",9,4.76119625305728,-0.575862185209415,0.140309542793066,-0.092919958560218,-0.0380548708801931,0.125231080057022,-0.0268157955453518,-0.0173823222523628
"Salala Rubber Corporation Health Center",9,6.13961635885638,-0.909009302316194,0.00504640362294933,0.0862643032972448,-0.147129040152859,0.191874542424551,-0.040871303829414,0.106080250630735
"Sister Agnes Health Center",9,3.43612259815329,-0.410546655911545,0.0945741530195339,0.197135224582543,0.0475259231913393,0.0938954372096078,-0.12088582592461,-0.104726852682864
"Sister Barbara Ann Health Center",9,5.27833111367855,-0.241972044046768,-0.108784008417163,0.0117848799084743,0.0176561643430774,0.206808684093485,-0.221133112928443,0.102226783680617
"Voinjama Free Pentecostal Clinic",9,1.75218364451717,0.365170914069171,-0.554992918729435,-0.0702244841688909,-0.145809183470779,-0.369258764839769,-0.0164983194202509,0.0646472798880609
"Bodowhea Clinic",10,3.80925531881067,-0.0507498829721662,0.21382669806508,-0.12279062591775,-0.044902042299089,-0.0192359533312781,0.176110468866099,-0.031916416860342
"Glory of Christ Medical Clinic",10,2.29635943595508,-0.0815337204088879,-0.29185200406321,0.00358793366321707,-0.130914617563276,-0.0443639504087203,-0.0765864485628847,0.104707256620419
"Helthon Clinic",10,3.17376330010601,-0.199087570851108,-0.206484117027147,-0.103427959488481,-0.0739446977182633,0.0745286688861816,0.0294268056577924,0.0116040936709742
"Lugbehyee Clinic",10,3.81901639305517,-0.294425042918035,0.207229654837649,-0.0532372653230438,-0.357646479386382,0.0590618938176,-0.198352626006554,-0.118197080210563
"Ma-Esther Clinic",10,3.31778986420719,-0.228060121659453,-0.0588313528033657,0.117702234135111,0.0113258838972415,-0.0534661927692237,-0.165101158369435,-0.0477918445338986
"Mariama Z. Brown Clinic",10,1.63614387804493,-0.0101504404663824,-0.160671565936825,0.28081782843594,-0.124476005476448,0.145893845757425,0.240600551644366,-0.369597213560846
"Pacific Medical Lab. Clinic",10,4.07035271312601,-0.0992106837822493,-0.224534888611542,-0.0949844343051207,-0.143529555009405,0.181461472465107,0.0454569748663175,-0.102608072699261
"Senyah Community Clinic",10,4.03267771806066,-0.434343594347855,0.248047996564232,0.00297971769905167,0.0608220774597331,0.0973310348845665,-0.0166456556727856,0.272990602924159
"Agape Health Clinic",11,3.38986541547849,-0.437873197361413,0.103333687558597,0.191647627380182,-0.0493153500876669,0.189195993430631,0.334469022229479,-0.118914587148648
"Divine Joy Community Clinic",11,3.31556180535568,-0.0513451045211088,-0.0759589072590945,0.100766140037647,-0.0177388853230124,-0.0175505919642722,-0.0484866309799303,0.0095740699748574
"Gblosseo Clinic",11,3.81067170475014,-0.464796458575267,0.0180044741461118,-0.105506869757239,-0.0600204068726482,0.100898063806015,0.257211000069242,0.0122633609173196
"Jackson F. Doe Memorial Hospital",11,5.18586399082971,-0.600950749765887,0.182772626264416,0.0287336441104485,-0.155685328357799,0.0921322842311652,-0.0884811140543868,0.247804219540272
"Medicare Clinic",11,1.24513378685968,0.188229279803996,-0.345085533911196,-0.334579317245361,-0.0695576019540312,-0.163141855473729,-0.37258873218248,-0.0213474237377297
"National Police Training Academy Clinic",11,3.23841253780523,-0.233832798206826,-0.213637459281385,-0.205075251542629,-0.0861656650343482,0.170109759267577,-0.176957766253039,0.269291311000506
"Newman Christian Clinic",11,1.05731250897498,-0.0452357518902055,0.119953117640637,0.276978091207985,-0.138632259227227,0.00621306075426517,-0.0394495297426346,-0.0163070984775262
"Sahyah Clinic",11,3.38036959732606,-0.130809378919904,0.00431122139126289,-0.17107383933942,0.0587845093647495,0.121671937878379,-0.0516614406817449,0.093280064278715
"Sue Town Clinic",11,3.17794536977658,-0.142646117998352,-0.104191661956702,0.20971091671571,-0.0471268771959434,0.308521878718916,0.0132927741266738,0.090349425318634
"Triple T Medical Clinic",11,3.82843082817718,-0.404387955015041,-0.133417645064435,0.173307457395759,-0.148741289542139,-0.0773731010977737,-0.171441394514503,-0.159080194002197
"Bromely Community Clinic",12,4.6094265511233,-0.288788970687887,0.168384413103875,0.0521531776582984,-0.323424219433816,-0.12019601894346,-0.139969113094764,0.273281278001425
"Confidence Clinic",12,4.09105799967283,-0.653163915304593,0.294614639500538,0.299736738613943,-0.169508471125975,-0.0251683368991597,-0.286166293984046,0.220344465583669
"Faith Medical & Laboratory Clinic",12,3.69372607018764,-0.135219117726584,-0.0498364743440579,-0.16365332456025,-0.247873173201107,-0.0601841429343008,-0.166782932639586,0.20576510115811
"Fefeh Town Clinic",12,4.7065979395168,-0.560954360134833,0.0241170961203847,-0.0741195332693213,-0.167485224516662,0.215111254231835,-0.028546099872968,0.205264016300495
"Ganta Methodist Hospital",12,2.90128406364708,-0.105728670760123,-0.231770213294553,0.342789093734217,0.00179434033083658,-0.145326825659398,-0.163415833706814,0.30321936144896
"Gbonyea Clinic",12,5.85365898867093,-0.418592354562011,-0.164894412495615,-0.185594646830466,-0.104846749268649,0.0743756320877432,-0.0205873496791912,-0.0499918705403914
"Jobeta Clinic",12,1.1574234066391,0.376165909844902,0.425625886595932,-0.545966283096851,0.0572521846169666,-0.25587647383788,-0.12837529575521,0.00634810799779284
"North Road Merci Clinic",12,2.72687418228697,-0.0642959791089872,-0.0480094869597321,0.0524556375375935,-0.0191477944496721,-0.179517493754054,0.102606436141864,-0.0252567080411762
"Peoples United Community Clinic",12,3.3881766043074,-0.0836905362763356,0.184651638359778,-0.189008668289136,-0.0117174845160764,-0.169996470358626,0.155056508616807,-0.0718394547609733
"United Pentacostal Church Clinic",12,2.05314948405724,-0.102926249825095,0.0618298451760428,0.120538100817979,-0.120248809014133,0.0814918937295946,-0.192837719278919,0.102405230914036
"Vezala Clinic",12,4.382303580212,-0.594005831880148,-0.094502619991198,-0.0835083546493881,-0.0574456051358516,0.144562471171343,-0.0108728447933041,0.0165698698140284
"Zuaplay Clinic",12,3.75777473764001,-0.298461747124389,0.0660526779294286,0.28325425835065,-0.25870769387323,0.299184707116867,-0.193940052413565,0.209357117868165
"Barconnie Clinic",13,4.01433228160687,-0.0111465007417371,0.277295220788221,-0.141524972969139,0.149470450190762,0.0249217068212365,-0.079471577158064,0.0085554129989451
"Gbaye-Ta Clinic",13,4.87432051314207,-0.720412980410785,0.00637897759130289,0.39481954704912,0.135195035718334,0.158031953007287,0.111372597488012,0.138912631647034
"Medicover Clinic",13,1.96427554610502,-0.0277833803258258,-0.0186813689389312,-0.083088875906352,-0.1076149402439,-0.10090266743268,0.148516959732595,-0.271283865650389
"Omega Community Clinic",13,4.42173996472679,-0.454974149798008,-0.199628030898004,0.175905591192296,0.21766595521131,0.181576855988076,-0.183979434756814,0.163471267536338
"Pleebo Health Center",13,4.18342980290894,0.161175711336351,0.256095899168344,-0.329567951664713,0.0801127275393778,-0.092312664544416,-0.135127039692738,0.0580821425987234
"Slemp Medical  Annex 2",13,2.71777968652538,-0.395661536792884,0.279716647754884,0.13196807280428,0.00469061868563888,0.258511204832397,-0.180689660699027,0.445117461134466
"Steven Tolbert Memorial Hospital (ArcelorMittal)",13,3.82494399878176,-0.07410631309381,0.046056724717278,-0.039006138132272,0.0258907401142834,0.0996904455307072,0.174527627637423,0.0407370812931054
"Sumbai Medical Clinic",13,0.91985229679174,0.304993856040689,-0.332780263990918,0.076379695697977,0.484545943907449,-0.391192316025495,0.0700279197850509,0.0740265149404426
"T & M Neigbour Clinic",13,2.36192988389834,0.381727690312453,0.0210524151917687,-0.435889274589042,-0.241010512516399,-0.231742721782411,0.0779769976978111,0.0609706596119377
"Yarpuah Clinic",13,3.71609331178271,-0.276680546103945,0.227926662192563,0.205987697698301,0.0440023870525495,-0.045244556962191,-0.20440289413777,0.207203335476384
"Zuolay Clinic",13,4.76355122377456,-0.351238977797859,-0.0845285767380553,0.0747548756428802,-0.0450919512048134,0.04781974186536,-0.187625007572195,0.157212796366965
"Barseegiah Clinic",14,3.32676569825489,-0.208656310033188,-0.188551009722074,0.162932352309972,0.0349272793487178,0.247316714507815,0.00110865951877385,-0.00476557307242051
"Benson Hospital",14,1.12639364898982,-0.0321023316539044,-0.935707698120022,0.335169070449813,-0.29894754658297,0.599525069097045,0.277851102818554,0.215052773828763
"Few Diagnostic Clinic Annex 2",14,2.49458166327425,-0.043353742398287,0.115422263686134,0.405903520806008,-0.100432858301837,-0.00350844024759241,0.0273575480135023,-0.0357758839081814
"Gbodoi Clinic",14,3.8837811695029,-0.199573824034211,0.360499518988382,0.149505939854106,-0.122466880824223,-0.215631637721109,0.00985276745187815,0.0205671089993185
"German Liberia Clinic",14,2.15518649221134,0.142762611688146,0.0697226653277007,-0.103848317385526,-0.104502162775271,-0.0686201600160445,0.092550667978917,0.0623943028346001
"Salayea Clinic",14,6.25839483284526,-0.800198888295163,-0.197724237030749,0.115018493958865,-0.0782784888981146,-0.0299783042060627,-0.0828433274609006,0.0441321074834548
"City View Comm. Clinic",15,3.88099340458389,-0.3585972452282,0.216542586526633,0.227417304474474,-0.0430842680169226,-0.12983470582015,0.0333165754255787,-0.049777107536971
"Healthline Medical Clinic",15,2.5758717567402,-0.309542582940448,-0.166693995222743,0.295708658310458,0.013694945638,-0.0434219164196374,-0.0114480087226736,-0.0278701826751947
"Miracle Center of God Clinic",15,0.979049447989312,-0.234087362098616,0.00319746627410233,-0.0491160557473559,-0.213052471724825,-0.281898116180195,-0.449775663667427,0.493003286360513
"Mother and Child Clinic",15,3.31508547053071,-0.053472978407267,-0.00349496604449694,-0.119119711425496,0.131530755924205,0.00343405701238351,-0.0369370592624176,-0.273357381356134
"Old Road Community Clinic",15,2.61051468361443,0.156426507889178,-0.276265047271029,0.244844657915034,0.345688829950453,0.236658559952499,0.331532000229626,-0.272853011546365
"Omega Market Clinic",15,6.88862976430638,-0.933356848127112,0.166502321313585,0.305833024175483,-0.332134397092085,0.223362775104948,0.0442507595908877,0.237100468305034
"Slangonplay Clinic",15,5.07922900593287,-0.344492080135428,-0.225984417733861,0.0981078856796104,-0.0610217592492422,-0.0288434208395202,0.0993433353892396,0.0987186240506721
"Toweh Town Clinic",15,4.92265409097681,-0.663837182301894,-0.0161299981191177,0.0621535332601648,0.158273196642406,0.139906801530818,-0.223738658573223,0.14780859499244
"Young Men's Christian Association Clinic",15,3.31068921641964,-0.488969577011153,0.0718146737241608,0.0940462233030845,-0.0147436282206582,0.163835658489493,-0.0154139757698422,0.251918749827351
"All Grace Medical Clinic",16,1.0488646789164,-0.100509911226539,0.176476190991716,-0.179551363394211,-0.0810191086570761,0.274186747817152,-0.36579122636654,0.241008895193545
"Kayah Clinic",16,3.96910449776292,-0.414386194456563,0.0425354402997093,-0.233901573210348,-0.0686903941771211,0.29812340755437,-0.0776788592313783,0.0319823279496625
"Mulbah Town Clinic",16,3.28919674926639,-0.125233286206538,0.00629987855584861,-0.0405574371010497,-0.0025254367233855,0.0847429293741217,0.151866511354217,0.00540125810367767
"Wein Town Community Clinic",16,0.947815815499773,0.321076732525022,0.12960805058076,-0.287774910841699,0.530533662502424,-0.0484449344639789,-0.204754344085689,0.000371198084603293
"Cedar Medical Center",17,2.68158673240247,-0.290866383261825,0.0978144348568561,0.242319666181051,-0.0428939415433308,-0.00420273683497445,0.100515478000056,0.00764906053779334
"City Lab. & Medical Clinic",17,2.87720911434432,0.0398337892510848,0.0836978377324568,0.169750767274461,-0.0557425072699709,0.0733769526025574,-0.0279962421886915,-0.251684506917764
"Glahn's Town",17,5.12507953561923,-0.513388709825728,0.0420889304429254,0.0885730416151334,-0.131612369310587,0.325069057865071,-0.21449378633715,0.26513481159691
"Jacob K Morris Clinic",17,2.52812079671296,-0.0412257772979054,-0.136305574783025,-0.131251057293571,-0.451415485351663,0.0381231401428751,-0.161682137131784,0.324502819238041
"Kissi Bendu Clinic",17,0.087642870452582,-0.182312472261092,0.670111464217857,-0.327390619829516,-0.772750673274008,0.398333508405076,0.143068098638065,-0.0333594553258598
"Power House Clinic",17,2.44938017246161,-0.319452925200648,0.0638039187893919,0.0102363622843638,-0.344206790397433,0.135501395927444,-0.340684817362563,-0.181908144489256
"Providence Clinic",17,5.57333469551853,-0.723744512979409,-0.0107269293326439,0.428138649072951,0.257615784918301,0.0807946669519529,-0.0545772758693505,-0.224550003086719
"The Good Will clinic",17,4.76751608647714,-0.104258495010697,-0.0621394609030488,0.104051251103994,0.123434782454639,0.117459331239915,-0.151241591415328,-0.0881928252691278
"Vortor Clinic",17,4.33617262895357,-0.591483047243158,-0.0312451119524079,-0.00717072095188859,0.103978065563659,0.222389351729632,0.0435345802884524,0.128641221961718
"Compound # 3 Clinic",18,4.04780617925099,-0.317480038480846,0.149049628983411,-0.170160640761799,-0.23714941887671,-0.0792351453533453,0.0619255160503861,0.191392644213705
"Jacob Larteh Clinic",18,4.25858630024197,-0.173819297898038,-0.117582846222655,0.0386328004984881,-0.12171117918228,0.0212412071028819,-0.0442881032933227,-0.0416384042896229
"Kelthy Clinic",18,3.48779791172394,-0.427743822221253,0.281851878438345,0.179287897783265,-0.00874783600262283,0.269343306871403,-0.192103140048033,-0.0960420349043632
"Medical Diagnostic Laboratory Clinic",18,4.68771694706593,-1.06287056773112,-0.47176143450578,0.32219257563563,0.161618659447681,0.274502086137271,0.163347302065521,0.258097901721502
"Pool of Bethesda Medical Clinic",18,3.65412299977244,-0.480736523220905,-0.0877265369446529,0.286420416537128,-0.199465273743422,0.406099604461782,0.0514906670974264,0.0130356409248578
"TKG Medical and Laboratory Clinic",18,1.63348440891033,0.167400446370334,-0.0237018551897841,-0.0287716786859547,0.10503376814276,-0.108966903877202,0.122452165044639,0.0939200936557644
"Wonjah Smith Memorial Clinic",18,3.51224899498341,-0.189665308034384,0.0468478642494819,-0.00972224959667376,0.0297787372057712,-0.250349289569914,-0.190133276959344,-0.0271909041378843
"Curran Lutheran Hospital",19,3.10464378591806,-0.440956859885423,-0.0396788704842538,0.0246554958306415,0.00532468958349578,0.0105016472091368,-0.159365000035245,-0.0416097202591334
"Dutch Liberian Medical Clinic",19,2.63516999654601,-0.351021740876986,0.168037826789979,0.190798830074299,0.162872065435164,-0.0299965213046833,-0.448648302392487,0.0179459710808766
"Karwah Medical Clinic",19,2.14439954400619,0.134660516877449,-0.0387649029644734,0.471751527909895,0.13656971067851,-0.222011750536407,0.0157258885242374,-0.0212976722353828
"Kelvin Medical & Lab. Clinic",19,1.56934357442235,0.194948546021407,-0.0955523825376826,0.322945620706092,-0.0647789370648054,-0.0774828569756229,0.0694789787865301,-0.113534825022517
"Little Bassa Clinic",19,5.71264990634227,-0.770393055922444,-0.258011054273041,0.255523667207705,-0.0606329238943973,0.15466197594542,-0.112679868871894,0.112389312351965
"Praise Medico Surgical Clinic",19,5.17894843361904,-0.640124727142031,0.0701226963424134,0.348681359914349,-0.0190916059057515,0.0922508669601376,0.0382007255617714,0.0739124039703419
"Well Baby Clinic",19,4.85641350089891,-0.345591921732521,0.0283030427382427,0.315102759377689,0.113673496701415,-0.057201958329011,0.0343667673987429,0.0191306047868667
